﻿<LinkSources version="1.02">
  <page ID="D2DDBCA1-0CB9-427B-8636-8F6020961B82">
    <linkSource sourcePageID="F13FBF6C-CF18-42B4-80F0-BF9E6CA4C5A8" comID="C0F2479E-6FEE-4B7E-A8D2-BF5D6842F032" comLinkType="cltPageLink"/>
    <linkSource sourcePageID="D2DDBCA1-0CB9-427B-8636-8F6020961B82" comID="D0FCD265-6DB6-4BD6-9290-15E6B98DA797" comLinkType="cltPageLink"/>
    <linkSource sourcePageID="FC43F737-24FF-4264-B96A-0696023DBAA0" comID="BCB33B4C-5432-4173-9665-FC1CB66C0D49" comLinkType="cltPageLink"/>
    <linkSource sourcePageID="61150120-D02D-4CBA-A86E-8C6F8F939C9F" comID="0A3D78C7-D9C4-45D4-B145-9902308E64B7" comLinkType="cltPageLink"/>
    <linkSource sourcePageID="71F9F2AB-4A17-4391-8A2F-C067B9F1B519" comID="E8E26358-CE55-41D5-ABD8-AAFBC1CA2D8F" comLinkType="cltPageLink"/>
    <linkSource sourcePageID="A97533B4-FA0D-4285-93C0-D8034FBBC965" comID="E2DD371C-BBF7-46D5-9DE5-58588F8953AC" comLinkType="cltPageLink"/>
  </page>
  <page ID="F13FBF6C-CF18-42B4-80F0-BF9E6CA4C5A8">
    <linkSource sourcePageID="F13FBF6C-CF18-42B4-80F0-BF9E6CA4C5A8" comID="C0F2479E-6FEE-4B7E-A8D2-BF5D6842F032" comLinkType="cltPageLink"/>
    <linkSource sourcePageID="D2DDBCA1-0CB9-427B-8636-8F6020961B82" comID="D0FCD265-6DB6-4BD6-9290-15E6B98DA797" comLinkType="cltPageLink"/>
    <linkSource sourcePageID="FC43F737-24FF-4264-B96A-0696023DBAA0" comID="BCB33B4C-5432-4173-9665-FC1CB66C0D49" comLinkType="cltPageLink"/>
    <linkSource sourcePageID="61150120-D02D-4CBA-A86E-8C6F8F939C9F" comID="0A3D78C7-D9C4-45D4-B145-9902308E64B7" comLinkType="cltPageLink"/>
    <linkSource sourcePageID="71F9F2AB-4A17-4391-8A2F-C067B9F1B519" comID="E8E26358-CE55-41D5-ABD8-AAFBC1CA2D8F" comLinkType="cltPageLink"/>
    <linkSource sourcePageID="A97533B4-FA0D-4285-93C0-D8034FBBC965" comID="E2DD371C-BBF7-46D5-9DE5-58588F8953AC" comLinkType="cltPageLink"/>
  </page>
  <page ID="71F9F2AB-4A17-4391-8A2F-C067B9F1B519">
    <linkSource sourcePageID="F13FBF6C-CF18-42B4-80F0-BF9E6CA4C5A8" comID="7338DBBC-32A2-4AAC-9260-0AEBE9799F2A" comLinkType="cltPageLink"/>
  </page>
  <page ID="61150120-D02D-4CBA-A86E-8C6F8F939C9F">
    <linkSource sourcePageID="F13FBF6C-CF18-42B4-80F0-BF9E6CA4C5A8" comID="C0F2479E-6FEE-4B7E-A8D2-BF5D6842F032" comLinkType="cltPageLink"/>
    <linkSource sourcePageID="D2DDBCA1-0CB9-427B-8636-8F6020961B82" comID="D0FCD265-6DB6-4BD6-9290-15E6B98DA797" comLinkType="cltPageLink"/>
    <linkSource sourcePageID="FC43F737-24FF-4264-B96A-0696023DBAA0" comID="BCB33B4C-5432-4173-9665-FC1CB66C0D49" comLinkType="cltPageLink"/>
    <linkSource sourcePageID="61150120-D02D-4CBA-A86E-8C6F8F939C9F" comID="0A3D78C7-D9C4-45D4-B145-9902308E64B7" comLinkType="cltPageLink"/>
    <linkSource sourcePageID="71F9F2AB-4A17-4391-8A2F-C067B9F1B519" comID="E8E26358-CE55-41D5-ABD8-AAFBC1CA2D8F" comLinkType="cltPageLink"/>
    <linkSource sourcePageID="A97533B4-FA0D-4285-93C0-D8034FBBC965" comID="E2DD371C-BBF7-46D5-9DE5-58588F8953AC" comLinkType="cltPageLink"/>
  </page>
  <page ID="FC43F737-24FF-4264-B96A-0696023DBAA0">
    <linkSource sourcePageID="F13FBF6C-CF18-42B4-80F0-BF9E6CA4C5A8" comID="C0F2479E-6FEE-4B7E-A8D2-BF5D6842F032" comLinkType="cltPageLink"/>
    <linkSource sourcePageID="D2DDBCA1-0CB9-427B-8636-8F6020961B82" comID="D0FCD265-6DB6-4BD6-9290-15E6B98DA797" comLinkType="cltPageLink"/>
    <linkSource sourcePageID="FC43F737-24FF-4264-B96A-0696023DBAA0" comID="BCB33B4C-5432-4173-9665-FC1CB66C0D49" comLinkType="cltPageLink"/>
    <linkSource sourcePageID="61150120-D02D-4CBA-A86E-8C6F8F939C9F" comID="0A3D78C7-D9C4-45D4-B145-9902308E64B7" comLinkType="cltPageLink"/>
    <linkSource sourcePageID="71F9F2AB-4A17-4391-8A2F-C067B9F1B519" comID="E8E26358-CE55-41D5-ABD8-AAFBC1CA2D8F" comLinkType="cltPageLink"/>
    <linkSource sourcePageID="A97533B4-FA0D-4285-93C0-D8034FBBC965" comID="E2DD371C-BBF7-46D5-9DE5-58588F8953AC" comLinkType="cltPageLink"/>
  </page>
</LinkSources>