﻿<mockup version="5.3" minAllowVersion="5.3" ID="61150120-D02D-4CBA-A86E-8C6F8F939C9F" platform="MtWeb" defaultW="1980" defaultH="1900" measureW="1980" measureH="2300" mobileScreenScale="0">
  <controls controlCount="76">
    <control controlID="0A3D78C7-D9C4-45D4-B145-9902308E64B7" controlTypeID="Tabs" x="646" y="32" w="688" h="43" zOrder="0">
      <borderVisible>False</borderVisible>
      <links eventType="AtClick" animate="AmNone" animateAutoDelay="0" animateDuration="500">
        <link targetPageID="D2DDBCA1-0CB9-427B-8636-8F6020961B82" linkType="ltPageLink" isApplyIncludePage="False" title="Home">
          <area shape="0" alt="" ID="{06E38E06-7068-4746-9762-F5D45366AA0F}" coords="(0,0,136.600006103516,43)"/>
        </link>
        <link targetPageID="F13FBF6C-CF18-42B4-80F0-BF9E6CA4C5A8" linkType="ltPageLink" isApplyIncludePage="False" title="Checking+%26+Savings">
          <area shape="0" alt="" ID="{A6842318-5839-4224-B850-921AC5B97DE1}" coords="(137.600006103516,0,274.200012207031,43)"/>
        </link>
        <link targetPageID="F13FBF6C-CF18-42B4-80F0-BF9E6CA4C5A8" linkType="ltPageLink" isApplyIncludePage="False" title="CD">
          <area shape="0" alt="" ID="{53F59057-32A4-482A-8C49-55385A2C9CF8}" coords="(275.200012207031,0,411.800018310547,43)"/>
        </link>
        <link targetPageID="61150120-D02D-4CBA-A86E-8C6F8F939C9F" linkType="ltPageLink" isApplyIncludePage="False" title="IRA">
          <area shape="0" alt="" ID="{BAD13E8C-9A7E-43E9-BCBB-3641C74F9601}" coords="(412.800018310547,0,549.400024414063,43)"/>
        </link>
        <link targetPageID="FC43F737-24FF-4264-B96A-0696023DBAA0" linkType="ltPageLink" isApplyIncludePage="False" title="About+Us">
          <area shape="0" alt="" ID="{F02F7F3E-BDBE-4D29-BB47-C7B9BF60E811}" coords="(550.400024414063,0,687,43)"/>
        </link>
      </links>
      <font family="Segoe+UI" displayName="Segoe+UI" postScript="" weightStyle="Regular" weight="400" isBold="False" isItalic="False" useDefaultFontFamily="False"/>
      <text>Home%2CChecking+%26+Savings%2CCD%2CIRA%2CAbout+Us</text>
      <textColor>4288256409</textColor>
      <textSize>14</textSize>
      <lineSpacing>0</lineSpacing>
      <selectedColor>4281571839</selectedColor>
      <indicatorPercentWidth>50</indicatorPercentWidth>
      <dividerPercentHeight>0</dividerPercentHeight>
    </control>
    <control controlID="BA9A460F-4FA0-40C3-8102-48458D6795FD" controlTypeID="Image" x="0" y="146" w="1980" h="719" zOrder="1">
      <caption>Some+Inspiring+Image</caption>
    </control>
    <control controlID="D8A64BB9-0B58-41EF-BDF8-644B49889BB6" controlTypeID="Panel" x="0" y="858" w="1980" h="237" zOrder="2">
      <groupChildrenDescriptors>
        <control controlID="BFB8AA5D-507F-4EB6-98DC-B815E6D8DA82" controlTypeID="Border" x="0" y="0" w="1980" h="237" zOrder="0">
          <alias>borderLayer</alias>
        </control>
      </groupChildrenDescriptors>
      <thinkness>1</thinkness>
    </control>
    <control controlID="2F93F3A9-2A01-4987-A707-B3468E75B832" controlTypeID="TextArea" x="301" y="952" w="1429" h="112" zOrder="3">
      <font family="Titillium+Web" displayName="Titillium+Web+Regular" postScript="" weightStyle="Regular" weight="400" isBold="False" isItalic="False"/>
      <text>Pellentesque+quam+est%2C+auctor+ut+neque+ac%2C+lacinia+posuere+nisi.+Nunc+enim+mauris%2C+sagittis+sed+tortor+eu%2C+tristique+tristique+erat.+Donec+consectetur+euismod+sem+vel+laoreet.+Donec+vitae+neque+rutrum+lectus+faucibus+aliquet.+Nam+vel+odio+vitae+diam+venenatis+facilisis.+Quisque+imperdiet+pellentesque+orci+a+sodales.+Vestibulum+ante+ipsum+primis+in+faucibus+orci+luctus+et+ultrices+posuere+cubilia+Curae%3B+Sed+cursus+nibh+non+ultricies+aliquam.+Aenean+egestas+auctor+ipsum%2C+at+ullamcorper+sapien+eleifend+eu.+Sed+gravida+mauris+eleifend+iaculis+ultricies.+Lorem+ipsum+dolor+sit+amet%2C+consectetur+adipiscing+elit.+Ut+vel+libero+eu+mauris+convallis+condimentum+nec+id+nisl.+Nulla+auctor+odio+in+ullamcorper+congue.+Quisque+venenatis+ac+dui+quis+pretium.%0D%0A</text>
      <selectedIndex>-1</selectedIndex>
    </control>
    <control controlID="82656845-5097-4A21-95A6-AE67FEE1A87E" controlTypeID="Label" x="836" y="888" w="335" h="43" zOrder="4">
      <font family="Titillium+Web" displayName="Titillium+Web+Regular" postScript="" weightStyle="Regular" weight="400" isBold="False" isItalic="False"/>
      <text>INFO+ABOUT+IRA+ACCOUNTS</text>
      <textSize>28</textSize>
      <lineSpacing>0</lineSpacing>
      <useDefaultTextSize>False</useDefaultTextSize>
      <selectedIndex>-1</selectedIndex>
    </control>
    <control controlID="F75CF371-097F-471B-8038-B1FB895A5C5F" controlTypeID="Label" x="890" y="1120" w="239" h="43" zOrder="5">
      <font family="Titillium+Web" displayName="Titillium+Web+Regular" postScript="" weightStyle="Regular" weight="400" isBold="False" isItalic="False"/>
      <text>DIFF+IRA+ACCOUNTS</text>
      <textSize>28</textSize>
      <lineSpacing>0</lineSpacing>
      <useDefaultTextSize>False</useDefaultTextSize>
      <selectedIndex>-1</selectedIndex>
    </control>
    <control controlID="5F0C6187-507E-4426-8C20-7DEA43F3D562" controlTypeID="Panel" x="866" y="1215" w="300" h="400" zOrder="6">
      <color>16777215</color>
      <groupChildrenDescriptors>
        <control controlID="3B3B1B52-B7D7-4387-BB8E-33A4250A3A09" controlTypeID="Border" x="0" y="0" w="300" h="400" zOrder="0">
          <alias>borderLayer</alias>
        </control>
      </groupChildrenDescriptors>
      <thinkness>1</thinkness>
    </control>
    <control controlID="B27A38E6-4D11-405F-AB9A-727D7AA3D91F" controlTypeID="Panel" x="531" y="1215" w="300" h="400" zOrder="7">
      <color>16777215</color>
      <groupChildrenDescriptors>
        <control controlID="D565C6CD-B554-452C-83F0-11593F7F083A" controlTypeID="Border" x="0" y="0" w="300" h="400" zOrder="0">
          <alias>borderLayer</alias>
        </control>
      </groupChildrenDescriptors>
      <thinkness>1</thinkness>
    </control>
    <control controlID="7E67A2B2-072B-4751-A37D-98ACA3CA0DFA" controlTypeID="Panel" x="1210" y="1215" w="300" h="400" zOrder="8">
      <groupChildrenDescriptors>
        <control controlID="08AC0799-B2F5-41F6-9395-B8D14AE743AB" controlTypeID="Border" x="0" y="0" w="300" h="400" zOrder="0">
          <alias>borderLayer</alias>
        </control>
      </groupChildrenDescriptors>
      <thinkness>1</thinkness>
    </control>
    <control controlID="C1C1D357-04E4-4BC1-9936-E77FE5EC77A2" controlTypeID="Button" x="623" y="1522" w="115" h="28" zOrder="9">
      <font family="Titillium+Web" displayName="Titillium+Web+Regular" postScript="" weightStyle="Regular" weight="400" isBold="False" isItalic="False"/>
      <text>Open+Account</text>
      <lineSpacing>0</lineSpacing>
      <selectedIndex>-1</selectedIndex>
      <radius>4</radius>
    </control>
    <control controlID="AF3FBE21-FD4D-428C-B588-2FBA1D33753F" controlTypeID="Button" x="1302" y="1522" w="115" h="28" zOrder="10">
      <font family="Titillium+Web" displayName="Titillium+Web+Regular" postScript="" weightStyle="Regular" weight="400" isBold="False" isItalic="False"/>
      <text>Open+Account</text>
      <lineSpacing>0</lineSpacing>
      <selectedIndex>-1</selectedIndex>
      <radius>4</radius>
    </control>
    <control controlID="65A798E9-7343-4C23-B527-E994CDD0A7C8" controlTypeID="Button" x="958" y="1522" w="115" h="28" zOrder="11">
      <font family="Titillium+Web" displayName="Titillium+Web+Regular" postScript="" weightStyle="Regular" weight="400" isBold="False" isItalic="False"/>
      <text>Open+Account</text>
      <lineSpacing>0</lineSpacing>
      <selectedIndex>-1</selectedIndex>
      <radius>4</radius>
    </control>
    <control controlID="B139FF80-D624-419A-B113-9861E8CF3707" controlTypeID="Shape" x="531" y="1215" w="300" h="119" zOrder="12">
      <font family="Titillium+Web" displayName="Titillium+Web+Regular" postScript="" weightStyle="Regular" weight="400" isBold="False" isItalic="False"/>
      <textSize>14</textSize>
      <selectedIndex>-1</selectedIndex>
    </control>
    <control controlID="B3CB6CF3-6B14-443A-B1AD-6B250F6F10A8" controlTypeID="Shape" x="1210" y="1214" w="300" h="119" zOrder="13">
      <font family="Titillium+Web" displayName="Titillium+Web+Regular" postScript="" weightStyle="Regular" weight="400" isBold="False" isItalic="False"/>
      <textSize>14</textSize>
      <selectedIndex>-1</selectedIndex>
    </control>
    <control controlID="44187FF9-3959-49A8-8F83-B89F3C5EC7B6" controlTypeID="Shape" x="866" y="1214" w="300" h="119" zOrder="14">
      <font family="Titillium+Web" displayName="Titillium+Web+Regular" postScript="" weightStyle="Regular" weight="400" isBold="False" isItalic="False"/>
      <textSize>14</textSize>
      <selectedIndex>-1</selectedIndex>
    </control>
    <control controlID="9FAEBF39-C697-4926-A341-6B5BB060EE37" controlTypeID="Label" x="603" y="1249" w="151" h="37" zOrder="15">
      <font family="Titillium+Web" displayName="Titillium+Web+Regular" postScript="" weightStyle="Regular" weight="400" isBold="False" isItalic="False"/>
      <text>ROLLOVER+IRA</text>
      <textSize>24</textSize>
      <lineSpacing>0</lineSpacing>
      <useDefaultTextSize>False</useDefaultTextSize>
      <selectedIndex>-1</selectedIndex>
    </control>
    <control controlID="C975D46D-D1CC-4441-B036-F161C0F18CC3" controlTypeID="Label" x="954" y="1249" w="99" h="37" zOrder="16">
      <font family="Titillium+Web" displayName="Titillium+Web+Regular" postScript="" weightStyle="Regular" weight="400" isBold="False" isItalic="False"/>
      <text>ROTH+IRA</text>
      <textSize>24</textSize>
      <lineSpacing>0</lineSpacing>
      <useDefaultTextSize>False</useDefaultTextSize>
      <selectedIndex>-1</selectedIndex>
    </control>
    <control controlID="E906DA20-C0B8-40A0-83CA-9D3FC9D86EEF" controlTypeID="Label" x="1286" y="1249" w="139" h="37" zOrder="17">
      <font family="Titillium+Web" displayName="Titillium+Web+Regular" postScript="" weightStyle="Regular" weight="400" isBold="False" isItalic="False"/>
      <text>REGULAR+IRA</text>
      <textSize>24</textSize>
      <lineSpacing>0</lineSpacing>
      <useDefaultTextSize>False</useDefaultTextSize>
      <selectedIndex>-1</selectedIndex>
    </control>
    <control controlID="88054B2D-5EB4-4B69-9857-324895A74387" controlTypeID="Image" x="20" y="14" w="470" h="95" zOrder="18">
      <caption>MertiBank+Logo</caption>
      <URL>786FCE6C0F81FF13A1ED1534018F7459.jpeg</URL>
    </control>
    <control controlID="E4B9E43B-505D-4A0B-A81C-75041B53A259" controlTypeID="AvatarEx2" x="1711" y="20" w="68" h="68" zOrder="19">
      <interactiveData>
        <entry title="">
          <area shape="0" alt="" ID="{FC968A9C-7092-4740-9D67-157C91B78B62}" coords="(0,0,68,68)"/>
          <events title="">
            <event eventType="atClick" isChecked="True">
              <behaviour title="" isChecked="True" isWait="False" isLoop="False" execMode="emParallel">
                <target targetID="CF3209AD-B307-4A1B-8196-575CF160608B" isChecked="True" isAutoRecovery="False" isLoop="False" execMode="emSequence">
                  <command name="Change Visibility" isChecked="True" descrition="">
                    <param name="AniInterpolation" value="1" varType="3" description=""/>
                    <param name="AniDuration" value="100" varType="4" description=""/>
                    <param name="AniAutoReverse" value="False" varType="11" description=""/>
                    <param name="AniLoop" value="False" varType="11" description=""/>
                    <param name="AniInterpolationTypeOut" value="False" varType="11" description=""/>
                    <param name="Delay" value="0" varType="3" description=""/>
                    <param name="ValueFromCurrent" value="True" varType="11" description=""/>
                    <param name="ForceFromInitValue" value="False" varType="11" description=""/>
                    <param name="ForceSetVisible" value="False" varType="11" description=""/>
                    <param name="Value" value="2" varType="3" description=""/>
                    <param name="TerminateLoopByClick" value="True" varType="11" description=""/>
                  </command>
                </target>
              </behaviour>
            </event>
          </events>
        </entry>
      </interactiveData>
      <icon>
        <ID/>
        <iconFontName>jdiconfontB</iconFontName>
        <iconCode>59652</iconCode>
      </icon>
      <URL>467605F5F90D9FF65132C1A6EF883F26.svg</URL>
    </control>
    <control controlID="65764708-CE92-49BD-B256-5D34783AA2E3" controlTypeID="Icon" x="1789" y="36" w="46" h="46" zOrder="20">
      <interactiveData>
        <entry title="">
          <area shape="0" alt="" ID="{667A8D61-FAC7-4544-9781-1AB3741AF01D}" coords="(0,0,46,46)"/>
          <events title="">
            <event eventType="atClick" isChecked="True">
              <behaviour title="" isChecked="True" isWait="False" isLoop="False" execMode="emParallel">
                <target targetID="CF3209AD-B307-4A1B-8196-575CF160608B" isChecked="True" isAutoRecovery="False" isLoop="False" execMode="emSequence">
                  <command name="Change Visibility" isChecked="True" descrition="">
                    <param name="AniInterpolation" value="1" varType="3" description=""/>
                    <param name="AniDuration" value="100" varType="4" description=""/>
                    <param name="AniAutoReverse" value="False" varType="11" description=""/>
                    <param name="AniLoop" value="False" varType="11" description=""/>
                    <param name="AniInterpolationTypeOut" value="False" varType="11" description=""/>
                    <param name="Delay" value="0" varType="3" description=""/>
                    <param name="ValueFromCurrent" value="True" varType="11" description=""/>
                    <param name="ForceFromInitValue" value="False" varType="11" description=""/>
                    <param name="ForceSetVisible" value="False" varType="11" description=""/>
                    <param name="Value" value="2" varType="3" description=""/>
                    <param name="TerminateLoopByClick" value="True" varType="11" description=""/>
                  </command>
                </target>
              </behaviour>
            </event>
          </events>
        </entry>
      </interactiveData>
      <icon>
        <ID/>
        <iconFontName>jdIonicons</iconFontName>
        <iconCode>61700</iconCode>
      </icon>
      <URL>6420A7D9EEE96BBF5CAB6266A1E591F5.svg</URL>
    </control>
    <control controlID="CF3209AD-B307-4A1B-8196-575CF160608B" controlTypeID="Table" x="1613" y="110" w="190" h="103" zOrder="21">
      <caption>Drop+Down+Table</caption>
      <borderColor>1164338790</borderColor>
      <font family="Titillium+Web" displayName="Titillium+Web+Regular" postScript="" weightStyle="Regular" weight="400" isBold="False" isItalic="False"/>
      <text>Account+Settings%09Log+Out</text>
      <textSize>14</textSize>
      <textAlign>HaCenter</textAlign>
      <lineSpacing>0</lineSpacing>
      <useDefaultTextSize>False</useDefaultTextSize>
      <thickness>1</thickness>
      <dashMode>SdSolid</dashMode>
      <tableStyle>tsNone</tableStyle>
      <fontSize>18</fontSize>
      <fontFamily/>
      <fontWeight>Regular</fontWeight>
      <textStyles>[]</textStyles>
      <cells>
        <cell rows="0,0" cols="0,0">
          <fontSize>18</fontSize>
          <fontFamily>Titillium+Web</fontFamily>
          <fontWeight>Regular</fontWeight>
          <textStyles>[]</textStyles>
          <text>Account+Settings</text>
          <textHeight>40</textHeight>
          <font family="Titillium+Web" displayName="Titillium+Web+Regular" postScript="" weightStyle="Regular" weight="400" isBold="False" isItalic="False"/>
        </cell>
        <cell rows="1,1" cols="0,0">
          <fontSize>18</fontSize>
          <fontFamily>Titillium+Web</fontFamily>
          <fontWeight>Regular</fontWeight>
          <textStyles>[]</textStyles>
          <text>Log+Out</text>
          <textHeight>40</textHeight>
          <font family="Titillium+Web" displayName="Titillium+Web+Regular" postScript="" weightStyle="Regular" weight="400" isBold="False" isItalic="False"/>
        </cell>
      </cells>
      <rows>
        <row height="50">
          <fontSize>18</fontSize>
          <fontFamily/>
          <fontWeight>Regular</fontWeight>
          <textStyles>[]</textStyles>
          <isAutoRowHeight>False</isAutoRowHeight>
        </row>
        <row height="53">
          <fontSize>18</fontSize>
          <fontFamily/>
          <fontWeight>Regular</fontWeight>
          <textStyles>[]</textStyles>
          <isAutoRowHeight>False</isAutoRowHeight>
        </row>
      </rows>
      <cols>
        <col width="190">
          <fontSize>18</fontSize>
          <fontFamily/>
          <fontWeight>Regular</fontWeight>
          <textStyles>[]</textStyles>
        </col>
      </cols>
    </control>
    <control controlID="A822DE1E-E182-4796-B4A4-F1C2E1FF1EB7" controlTypeID="Label" x="660" y="1432" w="35" h="22" zOrder="22">
      <font family="Titillium+Web" displayName="Titillium+Web+Regular" postScript="" weightStyle="Regular" weight="400" isBold="False" isItalic="False"/>
      <text>TERM</text>
      <lineSpacing>0</lineSpacing>
      <selectedIndex>-1</selectedIndex>
    </control>
    <control controlID="DB772BCF-8371-4431-AAA6-C51C7F69DFC7" controlTypeID="Label" x="996" y="1432" w="35" h="22" zOrder="23">
      <font family="Titillium+Web" displayName="Titillium+Web+Regular" postScript="" weightStyle="Regular" weight="400" isBold="False" isItalic="False"/>
      <text>TERM</text>
      <lineSpacing>0</lineSpacing>
      <selectedIndex>-1</selectedIndex>
    </control>
    <control controlID="9F444FB1-03EB-4722-B6EF-126ADF747A44" controlTypeID="Label" x="1342" y="1432" w="35" h="22" zOrder="24">
      <font family="Titillium+Web" displayName="Titillium+Web+Regular" postScript="" weightStyle="Regular" weight="400" isBold="False" isItalic="False"/>
      <text>TERM</text>
      <lineSpacing>0</lineSpacing>
      <selectedIndex>-1</selectedIndex>
    </control>
    <control controlID="4785791C-4D6D-48A8-987E-AE942BE14E7E" controlTypeID="Label" x="631" y="1344" w="94" h="22" zOrder="25">
      <font family="Titillium+Web" displayName="Titillium+Web+Regular" postScript="" weightStyle="Regular" weight="400" isBold="False" isItalic="False"/>
      <text>INTEREST+RATE</text>
      <lineSpacing>0</lineSpacing>
      <selectedIndex>-1</selectedIndex>
    </control>
    <control controlID="2668FCB8-FBB2-4F1C-97FC-26FFA5B0367D" controlTypeID="Label" x="967" y="1344" w="94" h="22" zOrder="26">
      <font family="Titillium+Web" displayName="Titillium+Web+Regular" postScript="" weightStyle="Regular" weight="400" isBold="False" isItalic="False"/>
      <text>INTEREST+RATE</text>
      <lineSpacing>0</lineSpacing>
      <selectedIndex>-1</selectedIndex>
    </control>
    <control controlID="D5BCD9E8-BCCD-41A8-83F8-DE4C1C8F842D" controlTypeID="Label" x="1317" y="1344" w="94" h="22" zOrder="27">
      <font family="Titillium+Web" displayName="Titillium+Web+Regular" postScript="" weightStyle="Regular" weight="400" isBold="False" isItalic="False"/>
      <text>INTEREST+RATE</text>
      <lineSpacing>0</lineSpacing>
      <selectedIndex>-1</selectedIndex>
    </control>
    <control controlID="9F0767A0-A249-4B55-A0A6-4E2AD329F464" controlTypeID="Panel" x="0" y="1895" w="1980" h="311" zOrder="28">
      <caption>Info+Panel</caption>
      <color>3647366758</color>
      <borderVisible>False</borderVisible>
      <groupChildrenDescriptors>
        <control controlID="EAF13F8A-293D-42F0-AC52-04D9B9C932E5" controlTypeID="Border" x="0" y="0" w="1980" h="311" zOrder="0">
          <borderVisible>False</borderVisible>
          <alias>borderLayer</alias>
        </control>
      </groupChildrenDescriptors>
      <thinkness>1</thinkness>
    </control>
    <control controlID="5BB84149-B631-48F9-B862-EC0F139EC70D" controlTypeID="IconButton2" x="1684" y="1920" w="38" h="38" zOrder="29">
      <caption>IG</caption>
      <groupChildrenDescriptors>
        <control controlID="F90E11F6-0136-4A8E-BA23-30A0136929C4" controlTypeID="Shape" x="0" y="0" w="38" h="38" zOrder="0">
          <canMove>False</canMove>
          <alias>shape</alias>
          <font family="Titillium+Web" displayName="Titillium+Web+Regular" postScript="" weightStyle="Regular" weight="400" isBold="False" isItalic="False"/>
          <textSize>14</textSize>
          <selectedIndex>-1</selectedIndex>
          <shapeBorderType>SbEllipse</shapeBorderType>
        </control>
        <control controlID="3425FC4E-828A-4EAC-8F93-C8CE742BF9D3" controlTypeID="Icon" x="7" y="7" w="24" h="24" zOrder="1">
          <canMove>False</canMove>
          <alias>icon</alias>
          <icon>
            <ID/>
            <iconFontName>jdIonicons</iconFontName>
            <iconCode>62289</iconCode>
          </icon>
          <URL>1125624F26FF3DC2C6BBE373652F6D4E.svg</URL>
        </control>
        <control controlID="F176F0F7-E068-41C5-926D-90AF916029E9" controlTypeID="Label" x="-1" y="-2" w="31" h="22" zOrder="2">
          <canMove>False</canMove>
          <alias>label</alias>
          <font family="Titillium+Web" displayName="Titillium+Web+Regular" postScript="" weightStyle="Regular" weight="400" isBold="False" isItalic="False"/>
          <text>Label</text>
          <textAlign>HaCenter</textAlign>
          <lineSpacing>0</lineSpacing>
          <selectedIndex>-1</selectedIndex>
        </control>
        <control controlID="C919187F-176F-4AFA-953F-8486C7755DAB" controlTypeID="Shape" x="24" y="0" w="14" h="13" zOrder="3">
          <color>4294901760</color>
          <borderVisible>False</borderVisible>
          <canMove>False</canMove>
          <alias>alarm</alias>
          <font family="Titillium+Web" displayName="Titillium+Web+Regular" postScript="" weightStyle="Regular" weight="400" isBold="False" isItalic="False"/>
          <text>2</text>
          <textColor>4294967295</textColor>
          <textSize>8</textSize>
          <selectedIndex>-1</selectedIndex>
          <radius>100</radius>
          <radiusIsPercent>True</radiusIsPercent>
        </control>
      </groupChildrenDescriptors>
    </control>
    <control controlID="31DCBE26-C0F6-4060-A3D0-F158B0A1B550" controlTypeID="IconButton2" x="1732" y="1920" w="38" h="38" zOrder="30">
      <caption>TW</caption>
      <groupChildrenDescriptors>
        <control controlID="5D9C544D-BF20-4AE7-842F-BEB371659107" controlTypeID="Shape" x="0" y="0" w="38" h="38" zOrder="0">
          <canMove>False</canMove>
          <alias>shape</alias>
          <font family="Titillium+Web" displayName="Titillium+Web+Regular" postScript="" weightStyle="Regular" weight="400" isBold="False" isItalic="False"/>
          <textSize>14</textSize>
          <selectedIndex>-1</selectedIndex>
          <shapeBorderType>SbEllipse</shapeBorderType>
        </control>
        <control controlID="472C4D49-F13B-4E4B-B0D1-90180E9AC65F" controlTypeID="Icon" x="7" y="7" w="24" h="24" zOrder="1">
          <canMove>False</canMove>
          <alias>icon</alias>
          <icon>
            <ID/>
            <iconFontName>jdIonicons</iconFontName>
            <iconCode>62018</iconCode>
          </icon>
          <URL>F1FBFA57C1F0D615C8F4EC42B281654D.svg</URL>
        </control>
        <control controlID="E4698A68-EF0A-4AA2-940B-030348419A0C" controlTypeID="Label" x="-1" y="-2" w="31" h="22" zOrder="2">
          <canMove>False</canMove>
          <alias>label</alias>
          <font family="Titillium+Web" displayName="Titillium+Web+Regular" postScript="" weightStyle="Regular" weight="400" isBold="False" isItalic="False"/>
          <text>Label</text>
          <textAlign>HaCenter</textAlign>
          <lineSpacing>0</lineSpacing>
          <selectedIndex>-1</selectedIndex>
        </control>
        <control controlID="7EEC44E6-87A3-4B98-BE48-1A54AB933AA3" controlTypeID="Shape" x="24" y="0" w="14" h="13" zOrder="3">
          <color>4294901760</color>
          <borderVisible>False</borderVisible>
          <canMove>False</canMove>
          <alias>alarm</alias>
          <font family="Titillium+Web" displayName="Titillium+Web+Regular" postScript="" weightStyle="Regular" weight="400" isBold="False" isItalic="False"/>
          <text>2</text>
          <textColor>4294967295</textColor>
          <textSize>8</textSize>
          <selectedIndex>-1</selectedIndex>
          <radius>100</radius>
          <radiusIsPercent>True</radiusIsPercent>
        </control>
      </groupChildrenDescriptors>
    </control>
    <control controlID="585B2151-C72D-46AA-9412-B94A55E5B6E2" controlTypeID="IconButton2" x="1778" y="1920" w="38" h="38" zOrder="31">
      <caption>FB</caption>
      <groupChildrenDescriptors>
        <control controlID="AB1C5657-0316-4156-8AE4-BEB5060463A2" controlTypeID="Shape" x="0" y="0" w="38" h="38" zOrder="0">
          <canMove>False</canMove>
          <alias>shape</alias>
          <font family="Titillium+Web" displayName="Titillium+Web+Regular" postScript="" weightStyle="Regular" weight="400" isBold="False" isItalic="False"/>
          <textSize>14</textSize>
          <selectedIndex>-1</selectedIndex>
          <shapeBorderType>SbEllipse</shapeBorderType>
        </control>
        <control controlID="6BA7320A-B432-477D-B41A-AC890D80959A" controlTypeID="Icon" x="7" y="7" w="24" h="24" zOrder="1">
          <canMove>False</canMove>
          <alias>icon</alias>
          <icon>
            <ID/>
            <iconFontName>jdIonicons</iconFontName>
            <iconCode>62001</iconCode>
          </icon>
          <URL>29F37D064345EFF092FDE43A909201C4.svg</URL>
        </control>
        <control controlID="62A63820-7E48-4D20-94A9-AA387AFFA588" controlTypeID="Label" x="-1" y="-2" w="31" h="22" zOrder="2">
          <canMove>False</canMove>
          <alias>label</alias>
          <font family="Titillium+Web" displayName="Titillium+Web+Regular" postScript="" weightStyle="Regular" weight="400" isBold="False" isItalic="False"/>
          <text>Label</text>
          <textAlign>HaCenter</textAlign>
          <lineSpacing>0</lineSpacing>
          <selectedIndex>-1</selectedIndex>
        </control>
        <control controlID="36997206-5190-4439-B496-45E7F34B4EA4" controlTypeID="Shape" x="24" y="0" w="14" h="13" zOrder="3">
          <color>4294901760</color>
          <borderVisible>False</borderVisible>
          <canMove>False</canMove>
          <alias>alarm</alias>
          <font family="Titillium+Web" displayName="Titillium+Web+Regular" postScript="" weightStyle="Regular" weight="400" isBold="False" isItalic="False"/>
          <text>2</text>
          <textColor>4294967295</textColor>
          <textSize>8</textSize>
          <selectedIndex>-1</selectedIndex>
          <radius>100</radius>
          <radiusIsPercent>True</radiusIsPercent>
        </control>
      </groupChildrenDescriptors>
    </control>
    <control controlID="D274AEC8-AD2C-4CB6-9492-996DAA2587A8" controlTypeID="IconButton2" x="1826" y="1920" w="38" h="38" zOrder="32">
      <caption>In</caption>
      <groupChildrenDescriptors>
        <control controlID="60903A5E-6651-4D24-BC08-E646114FD1B9" controlTypeID="Shape" x="0" y="0" w="38" h="38" zOrder="0">
          <canMove>False</canMove>
          <alias>shape</alias>
          <font family="Titillium+Web" displayName="Titillium+Web+Regular" postScript="" weightStyle="Regular" weight="400" isBold="False" isItalic="False"/>
          <textSize>14</textSize>
          <selectedIndex>-1</selectedIndex>
          <shapeBorderType>SbEllipse</shapeBorderType>
        </control>
        <control controlID="8CB3F19E-62AE-444E-8265-B60E95509774" controlTypeID="Icon" x="7" y="7" w="24" h="24" zOrder="1">
          <canMove>False</canMove>
          <alias>icon</alias>
          <icon>
            <ID/>
            <iconFontName>jdFontAwesome</iconFontName>
            <iconCode>61665</iconCode>
          </icon>
          <URL>74B6E108F958848EA2B2DD7D6EC8692F.svg</URL>
        </control>
        <control controlID="96552D06-A7EA-4C1B-88B0-2A8C30348208" controlTypeID="Label" x="-1" y="-2" w="31" h="22" zOrder="2">
          <canMove>False</canMove>
          <alias>label</alias>
          <font family="Titillium+Web" displayName="Titillium+Web+Regular" postScript="" weightStyle="Regular" weight="400" isBold="False" isItalic="False"/>
          <text>Label</text>
          <textAlign>HaCenter</textAlign>
          <lineSpacing>0</lineSpacing>
          <selectedIndex>-1</selectedIndex>
        </control>
        <control controlID="45F419AD-2DF1-4B47-883B-434DFE1BEEFF" controlTypeID="Shape" x="24" y="0" w="14" h="13" zOrder="3">
          <color>4294901760</color>
          <borderVisible>False</borderVisible>
          <canMove>False</canMove>
          <alias>alarm</alias>
          <font family="Titillium+Web" displayName="Titillium+Web+Regular" postScript="" weightStyle="Regular" weight="400" isBold="False" isItalic="False"/>
          <text>2</text>
          <textColor>4294967295</textColor>
          <textSize>8</textSize>
          <selectedIndex>-1</selectedIndex>
          <radius>100</radius>
          <radiusIsPercent>True</radiusIsPercent>
        </control>
      </groupChildrenDescriptors>
    </control>
    <control controlID="FD84AD65-B38A-421D-8505-DC6C4D93D433" controlTypeID="IconButton2" x="1874" y="1920" w="38" h="38" zOrder="33">
      <caption>YT</caption>
      <groupChildrenDescriptors>
        <control controlID="A98EAAFE-83A9-4364-B581-106545096FE3" controlTypeID="Shape" x="0" y="0" w="38" h="38" zOrder="0">
          <canMove>False</canMove>
          <alias>shape</alias>
          <font family="Titillium+Web" displayName="Titillium+Web+Regular" postScript="" weightStyle="Regular" weight="400" isBold="False" isItalic="False"/>
          <textSize>14</textSize>
          <selectedIndex>-1</selectedIndex>
          <shapeBorderType>SbEllipse</shapeBorderType>
        </control>
        <control controlID="8FD5DFC2-2834-4583-94EC-DA61A44691C7" controlTypeID="Icon" x="7" y="7" w="24" h="24" zOrder="1">
          <canMove>False</canMove>
          <alias>icon</alias>
          <icon>
            <ID/>
            <iconFontName>jdIonicons</iconFontName>
            <iconCode>62028</iconCode>
          </icon>
          <URL>FE1032043403F880231675C8126B6ED2.svg</URL>
        </control>
        <control controlID="5BB82659-C66E-4D40-995A-7C3B98C628F8" controlTypeID="Label" x="-1" y="-2" w="31" h="22" zOrder="2">
          <canMove>False</canMove>
          <alias>label</alias>
          <font family="Titillium+Web" displayName="Titillium+Web+Regular" postScript="" weightStyle="Regular" weight="400" isBold="False" isItalic="False"/>
          <text>Label</text>
          <textAlign>HaCenter</textAlign>
          <lineSpacing>0</lineSpacing>
          <selectedIndex>-1</selectedIndex>
        </control>
        <control controlID="99EE2C1F-DAD7-4B2A-BF92-B6DD8DE0EAED" controlTypeID="Shape" x="24" y="0" w="14" h="13" zOrder="3">
          <color>4294901760</color>
          <borderVisible>False</borderVisible>
          <canMove>False</canMove>
          <alias>alarm</alias>
          <font family="Titillium+Web" displayName="Titillium+Web+Regular" postScript="" weightStyle="Regular" weight="400" isBold="False" isItalic="False"/>
          <text>2</text>
          <textColor>4294967295</textColor>
          <textSize>8</textSize>
          <selectedIndex>-1</selectedIndex>
          <radius>100</radius>
          <radiusIsPercent>True</radiusIsPercent>
        </control>
      </groupChildrenDescriptors>
    </control>
    <control controlID="C365CB66-8775-48A8-A80E-AF6736976E7D" controlTypeID="Panel" x="0" y="2206" w="1980" h="94" zOrder="34">
      <caption>Footer</caption>
      <color>1248224870</color>
      <borderColor>4281571839</borderColor>
      <borderVisible>False</borderVisible>
      <groupChildrenDescriptors>
        <control controlID="56A25D6F-E24E-472D-8429-36696A68370A" controlTypeID="Border" x="0" y="0" w="1980" h="94" zOrder="0">
          <borderColor>4281571839</borderColor>
          <borderVisible>False</borderVisible>
          <alias>borderLayer</alias>
        </control>
      </groupChildrenDescriptors>
      <thinkness>1</thinkness>
    </control>
    <control controlID="0BC4FC58-3029-4B2D-A63C-D3FAD9280131" controlTypeID="Icon" x="33" y="2246" w="13" h="13" zOrder="35">
      <caption>Copyright+Icon</caption>
      <color>4278190080</color>
      <icon>
        <ID/>
        <iconFontName>jdFontAwesome</iconFontName>
        <iconCode>61945</iconCode>
      </icon>
      <URL>A71E98588E066F88C73CF2B4E3CFBB82.svg</URL>
    </control>
    <control controlID="8D89DB46-E787-41E5-AE44-729E49389E29" controlTypeID="Label" x="46" y="2241" w="99" h="22" zOrder="36">
      <caption>Copyright+Label</caption>
      <color>16777215</color>
      <font family="Titillium+Web" displayName="Titillium+Web+Regular" postScript="" weightStyle="Regular" weight="400" isBold="False" isItalic="False"/>
      <text>2021+Merit+Bank</text>
      <lineSpacing>0</lineSpacing>
      <selectedIndex>-1</selectedIndex>
    </control>
    <control controlID="131945F7-A186-4A8D-9CA0-D347D770D88C" controlTypeID="Label" x="30" y="1973" w="114" h="37" zOrder="37">
      <font family="Titillium+Web" displayName="Titillium+Web_%26_Bold" postScript="" weightStyle="Bold" weight="700" isBold="True" isItalic="False"/>
      <text>PRODUCTS</text>
      <textColor>4294967295</textColor>
      <textSize>24</textSize>
      <lineSpacing>0</lineSpacing>
      <textStyles>[fsBold]</textStyles>
      <useDefaultTextSize>False</useDefaultTextSize>
      <selectedIndex>-1</selectedIndex>
    </control>
    <control controlID="AAE385E4-B827-4851-8554-BBD22A584F0A" controlTypeID="Label" x="317" y="1972" w="181" h="37" zOrder="38">
      <font family="Titillium+Web" displayName="Titillium+Web_%26_Bold" postScript="" weightStyle="Bold" weight="700" isBold="True" isItalic="False"/>
      <text>GET+TO+KNOW+US</text>
      <textColor>4294967295</textColor>
      <textSize>24</textSize>
      <lineSpacing>0</lineSpacing>
      <textStyles>[fsBold]</textStyles>
      <useDefaultTextSize>False</useDefaultTextSize>
      <selectedIndex>-1</selectedIndex>
    </control>
    <control controlID="5F588AE9-F409-4843-9F4E-2BD2D6A7E37E" controlTypeID="Label" x="630" y="1972" w="46" h="37" zOrder="39">
      <font family="Titillium+Web" displayName="Titillium+Web_%26_Bold" postScript="" weightStyle="Bold" weight="700" isBold="True" isItalic="False"/>
      <text>ATM</text>
      <textColor>4294967295</textColor>
      <textSize>24</textSize>
      <lineSpacing>0</lineSpacing>
      <textStyles>[fsBold]</textStyles>
      <useDefaultTextSize>False</useDefaultTextSize>
      <selectedIndex>-1</selectedIndex>
    </control>
    <control controlID="7BF3D457-7375-414F-8DF2-93858635EE6C" controlTypeID="Label" x="818" y="1972" w="65" h="37" zOrder="40">
      <font family="Titillium+Web" displayName="Titillium+Web_%26_Bold" postScript="" weightStyle="Bold" weight="700" isBold="True" isItalic="False"/>
      <text>LEGAL</text>
      <textColor>4294967295</textColor>
      <textSize>24</textSize>
      <lineSpacing>0</lineSpacing>
      <textStyles>[fsBold]</textStyles>
      <useDefaultTextSize>False</useDefaultTextSize>
      <selectedIndex>-1</selectedIndex>
    </control>
    <control controlID="94719BF0-0FC8-4B1F-BF57-F6C7D1C23EF3" controlTypeID="Label" x="1024" y="1973" w="100" h="37" zOrder="41">
      <font family="Titillium+Web" displayName="Titillium+Web_%26_Bold" postScript="" weightStyle="Bold" weight="700" isBold="True" isItalic="False"/>
      <text>SUPPORT</text>
      <textColor>4294967295</textColor>
      <textSize>24</textSize>
      <lineSpacing>0</lineSpacing>
      <textStyles>[fsBold]</textStyles>
      <useDefaultTextSize>False</useDefaultTextSize>
      <selectedIndex>-1</selectedIndex>
    </control>
    <control controlID="EA7248D1-B825-4994-8516-3E939756278E" controlTypeID="Image" x="20" y="1908" w="75" h="80" zOrder="42">
      <URL>96723FFC2048BE38DB53951FBF5220C8.png</URL>
    </control>
    <control controlID="87422844-7546-4014-9D52-F3EED88AA8C8" controlTypeID="Link" x="30" y="2020" w="141" h="25" zOrder="43">
      <font family="Titillium+Web" displayName="Titillium+Web+Regular" postScript="" weightStyle="Regular" weight="400" isBold="False" isItalic="False"/>
      <text>Certificate+of+Deposit</text>
      <textColor>4294967295</textColor>
      <textSize>16</textSize>
      <lineSpacing>0</lineSpacing>
      <textStyles>[]</textStyles>
      <useDefaultTextSize>False</useDefaultTextSize>
      <selectedIndex>-1</selectedIndex>
    </control>
    <control controlID="11801ECA-1CAB-43B3-845E-2657724A3A2D" controlTypeID="Link" x="30" y="2045" w="88" h="25" zOrder="44">
      <font family="Titillium+Web" displayName="Titillium+Web+Regular" postScript="" weightStyle="Regular" weight="400" isBold="False" isItalic="False"/>
      <text>IRA+Accounts</text>
      <textColor>4294967295</textColor>
      <textSize>16</textSize>
      <lineSpacing>0</lineSpacing>
      <textStyles>[]</textStyles>
      <useDefaultTextSize>False</useDefaultTextSize>
      <selectedIndex>-1</selectedIndex>
    </control>
    <control controlID="222EA1FD-8727-4659-B2BB-459601F493D3" controlTypeID="Link" x="317" y="2020" w="62" h="25" zOrder="45">
      <font family="Titillium+Web" displayName="Titillium+Web+Regular" postScript="" weightStyle="Regular" weight="400" isBold="False" isItalic="False"/>
      <text>About+Us</text>
      <textColor>4294967295</textColor>
      <textSize>16</textSize>
      <lineSpacing>0</lineSpacing>
      <textStyles>[]</textStyles>
      <useDefaultTextSize>False</useDefaultTextSize>
      <selectedIndex>-1</selectedIndex>
    </control>
    <control controlID="DAB63AA9-CAA1-4021-A22F-61296492C748" controlTypeID="Link" x="630" y="2020" w="99" h="25" zOrder="46">
      <font family="Titillium+Web" displayName="Titillium+Web+Regular" postScript="" weightStyle="Regular" weight="400" isBold="False" isItalic="False"/>
      <text>ATM+Locations</text>
      <textColor>4294967295</textColor>
      <textSize>16</textSize>
      <lineSpacing>0</lineSpacing>
      <textStyles>[]</textStyles>
      <useDefaultTextSize>False</useDefaultTextSize>
      <selectedIndex>-1</selectedIndex>
    </control>
    <control controlID="DAE4AF81-86BD-4EE8-8E7D-698ADA39154C" controlTypeID="Link" x="818" y="2020" w="49" h="25" zOrder="47">
      <font family="Titillium+Web" displayName="Titillium+Web+Regular" postScript="" weightStyle="Regular" weight="400" isBold="False" isItalic="False"/>
      <text>Privacy</text>
      <textColor>4294967295</textColor>
      <textSize>16</textSize>
      <lineSpacing>0</lineSpacing>
      <textStyles>[]</textStyles>
      <useDefaultTextSize>False</useDefaultTextSize>
      <selectedIndex>-1</selectedIndex>
    </control>
    <control controlID="47D7E765-B6D8-4D92-B6D2-8309E4AB246C" controlTypeID="Link" x="1024" y="2020" w="73" h="25" zOrder="48">
      <font family="Titillium+Web" displayName="Titillium+Web+Regular" postScript="" weightStyle="Regular" weight="400" isBold="False" isItalic="False"/>
      <text>Contact+Us</text>
      <textColor>4294967295</textColor>
      <textSize>16</textSize>
      <lineSpacing>0</lineSpacing>
      <textStyles>[]</textStyles>
      <useDefaultTextSize>False</useDefaultTextSize>
      <selectedIndex>-1</selectedIndex>
    </control>
    <control controlID="C1D2BF8F-492B-4D9E-AF03-A5681C4EE77A" controlTypeID="Image" x="1768" y="2224" w="75" h="55" zOrder="49">
      <URL>B8427336EE8A9EA8D89AF315F9BDD076.png</URL>
    </control>
  </controls>
  <param>
    <backgroundColor>4294967295</backgroundColor>
    <fontSize>14</fontSize>
    <fontFamily>Titillium+Web</fontFamily>
    <guideLines/>
  </param>
</mockup>