﻿<mockup version="5.3" minAllowVersion="5.3" ID="71F9F2AB-4A17-4391-8A2F-C067B9F1B519" platform="MtWeb" defaultW="1980" defaultH="1900" measureW="1980" measureH="3000" mobileScreenScale="0">
  <controls controlCount="69">
    <control controlID="828E5A15-6EE1-4987-92E0-662DDC47E027" controlTypeID="Shape" x="0" y="121" w="1980" h="341" zOrder="0">
      <caption>Welcome</caption>
      <color>4280300352</color>
      <font family="Titillium+Web" displayName="Titillium+Web+Regular" postScript="" weightStyle="Regular" weight="400" isBold="False" isItalic="False"/>
      <textSize>14</textSize>
      <selectedIndex>-1</selectedIndex>
    </control>
    <control controlID="E8E26358-CE55-41D5-ABD8-AAFBC1CA2D8F" controlTypeID="Tabs" x="612" y="40" w="688" h="43" zOrder="1">
      <caption>Main+Tab+Bar</caption>
      <borderVisible>False</borderVisible>
      <links eventType="AtClick" animate="AmNone" animateAutoDelay="0" animateDuration="500">
        <link targetPageID="D2DDBCA1-0CB9-427B-8636-8F6020961B82" linkType="ltPageLink" isApplyIncludePage="False" title="Home">
          <area shape="0" alt="" ID="{06E38E06-7068-4746-9762-F5D45366AA0F}" coords="(0,0,136.600006103516,43)"/>
        </link>
        <link targetPageID="F13FBF6C-CF18-42B4-80F0-BF9E6CA4C5A8" linkType="ltPageLink" isApplyIncludePage="False" title="Checking+%26+Savings">
          <area shape="0" alt="" ID="{A6842318-5839-4224-B850-921AC5B97DE1}" coords="(137.600006103516,0,274.200012207031,43)"/>
        </link>
        <link targetPageID="F13FBF6C-CF18-42B4-80F0-BF9E6CA4C5A8" linkType="ltPageLink" isApplyIncludePage="False" title="CD">
          <area shape="0" alt="" ID="{53F59057-32A4-482A-8C49-55385A2C9CF8}" coords="(275.200012207031,0,411.800018310547,43)"/>
        </link>
        <link targetPageID="61150120-D02D-4CBA-A86E-8C6F8F939C9F" linkType="ltPageLink" isApplyIncludePage="False" title="IRA">
          <area shape="0" alt="" ID="{BAD13E8C-9A7E-43E9-BCBB-3641C74F9601}" coords="(412.800018310547,0,549.400024414063,43)"/>
        </link>
        <link targetPageID="FC43F737-24FF-4264-B96A-0696023DBAA0" linkType="ltPageLink" isApplyIncludePage="False" title="About+Us">
          <area shape="0" alt="" ID="{F02F7F3E-BDBE-4D29-BB47-C7B9BF60E811}" coords="(550.400024414063,0,687,43)"/>
        </link>
      </links>
      <font family="Segoe+UI" displayName="Segoe+UI" postScript="" weightStyle="Regular" weight="400" isBold="False" isItalic="False" useDefaultFontFamily="False"/>
      <text>Home%2CChecking+%26+Savings%2CCD%2CIRA%2CAbout+Us</text>
      <textColor>4288256409</textColor>
      <textSize>14</textSize>
      <lineSpacing>0</lineSpacing>
      <selectedColor>4281571839</selectedColor>
      <indicatorPercentWidth>50</indicatorPercentWidth>
      <dividerPercentHeight>0</dividerPercentHeight>
    </control>
    <control controlID="08EB9498-7659-458B-BE85-AA9B2B63044D" controlTypeID="Image" x="20" y="14" w="470" h="95" zOrder="2">
      <caption>MertiBank+Logo</caption>
      <URL>786FCE6C0F81FF13A1ED1534018F7459.jpeg</URL>
    </control>
    <control controlID="54496CCC-363F-4083-B40B-8A16C8FF8F78" controlTypeID="AvatarEx2" x="1711" y="20" w="68" h="68" zOrder="3">
      <borderColor>4279135388</borderColor>
      <interactiveData>
        <entry title="">
          <area shape="0" alt="" ID="{951AFC63-4486-42FF-AA40-6B9B0F154005}" coords="(0,0,68,68)"/>
          <events title="">
            <event eventType="atClick" isChecked="True">
              <behaviour title="" isChecked="True" isWait="False" isLoop="False" execMode="emParallel">
                <target targetID="C7DD0350-E5EE-402F-B45F-61A7A19E9C1D" isChecked="True" isAutoRecovery="False" isLoop="False" execMode="emSequence">
                  <command name="Change Visibility" isChecked="True" descrition="">
                    <param name="AniInterpolation" value="1" varType="3" description=""/>
                    <param name="AniDuration" value="200" varType="3" description=""/>
                    <param name="AniAutoReverse" value="False" varType="11" description=""/>
                    <param name="AniLoop" value="False" varType="11" description=""/>
                    <param name="AniInterpolationTypeOut" value="False" varType="11" description=""/>
                    <param name="Delay" value="0" varType="3" description=""/>
                    <param name="ValueFromCurrent" value="True" varType="11" description=""/>
                    <param name="ForceFromInitValue" value="False" varType="11" description=""/>
                    <param name="ForceSetVisible" value="False" varType="11" description=""/>
                    <param name="Value" value="2" varType="3" description=""/>
                    <param name="TerminateLoopByClick" value="True" varType="11" description=""/>
                  </command>
                </target>
              </behaviour>
            </event>
          </events>
        </entry>
      </interactiveData>
      <avatarColorStyle>asBlack</avatarColorStyle>
      <icon>
        <ID/>
        <iconFontName>jdiconfontB</iconFontName>
        <iconCode>59652</iconCode>
      </icon>
      <URL>467605F5F90D9FF65132C1A6EF883F26.svg</URL>
    </control>
    <control controlID="BF1FD3E8-0049-46F5-9F8E-27DAF8F6BEC1" controlTypeID="Icon" x="1789" y="36" w="46" h="46" zOrder="4">
      <color>4279135388</color>
      <interactiveData>
        <entry title="">
          <area shape="0" alt="" ID="{852E8B45-4F73-48B3-AB7A-BA9983EFD984}" coords="(0,0,46,46)"/>
          <events title="">
            <event eventType="atClick" isChecked="True">
              <behaviour title="" isChecked="True" isWait="False" isLoop="False" execMode="emParallel">
                <target targetID="C7DD0350-E5EE-402F-B45F-61A7A19E9C1D" isChecked="True" isAutoRecovery="False" isLoop="False" execMode="emSequence">
                  <command name="Change Visibility" isChecked="True" descrition="">
                    <param name="AniInterpolation" value="1" varType="3" description=""/>
                    <param name="AniDuration" value="200" varType="3" description=""/>
                    <param name="AniAutoReverse" value="False" varType="11" description=""/>
                    <param name="AniLoop" value="False" varType="11" description=""/>
                    <param name="AniInterpolationTypeOut" value="False" varType="11" description=""/>
                    <param name="Delay" value="0" varType="3" description=""/>
                    <param name="ValueFromCurrent" value="True" varType="11" description=""/>
                    <param name="ForceFromInitValue" value="False" varType="11" description=""/>
                    <param name="ForceSetVisible" value="False" varType="11" description=""/>
                    <param name="Value" value="2" varType="3" description=""/>
                    <param name="TerminateLoopByClick" value="True" varType="11" description=""/>
                  </command>
                </target>
              </behaviour>
            </event>
          </events>
        </entry>
      </interactiveData>
      <icon>
        <ID/>
        <iconFontName>jdIonicons</iconFontName>
        <iconCode>61700</iconCode>
      </icon>
      <URL>6420A7D9EEE96BBF5CAB6266A1E591F5.svg</URL>
    </control>
    <control controlID="C7DD0350-E5EE-402F-B45F-61A7A19E9C1D" controlTypeID="Table" x="1613" y="110" w="190" h="103" zOrder="5">
      <caption>Drop+Down+Table</caption>
      <borderColor>4279135388</borderColor>
      <font family="Titillium+Web" displayName="Titillium+Web+Regular" postScript="" weightStyle="Regular" weight="400" isBold="False" isItalic="False"/>
      <text>Account+Settings%09Log+Out</text>
      <textSize>14</textSize>
      <textAlign>HaCenter</textAlign>
      <lineSpacing>0</lineSpacing>
      <useDefaultTextSize>False</useDefaultTextSize>
      <thickness>1</thickness>
      <dashMode>SdSolid</dashMode>
      <tableStyle>tsNone</tableStyle>
      <fontSize>18</fontSize>
      <fontFamily/>
      <fontWeight>Regular</fontWeight>
      <textStyles>[]</textStyles>
      <cells>
        <cell rows="0,0" cols="0,0">
          <fontSize>18</fontSize>
          <fontFamily>Titillium+Web</fontFamily>
          <fontWeight>Regular</fontWeight>
          <textStyles>[]</textStyles>
          <cellBorderColor>4279135388</cellBorderColor>
          <editIndex>21</editIndex>
          <text>Account+Settings</text>
          <textHeight>40</textHeight>
          <font family="Titillium+Web" displayName="Titillium+Web+Regular" postScript="" weightStyle="Regular" weight="400" isBold="False" isItalic="False"/>
        </cell>
        <cell rows="1,1" cols="0,0">
          <backColor>4294967295</backColor>
          <fontSize>18</fontSize>
          <fontFamily>Titillium+Web</fontFamily>
          <fontWeight>Regular</fontWeight>
          <textStyles>[]</textStyles>
          <cellBorderColor>4281571839</cellBorderColor>
          <editIndex>18</editIndex>
          <text>Log+Out</text>
          <textHeight>40</textHeight>
          <font family="Titillium+Web" displayName="Titillium+Web+Regular" postScript="" weightStyle="Regular" weight="400" isBold="False" isItalic="False"/>
        </cell>
      </cells>
      <rows>
        <row height="50">
          <fontSize>18</fontSize>
          <fontFamily/>
          <fontWeight>Regular</fontWeight>
          <textStyles>[]</textStyles>
          <cellBorderColor>4279135388</cellBorderColor>
          <editIndex>19</editIndex>
          <isAutoRowHeight>False</isAutoRowHeight>
        </row>
        <row height="53">
          <backColor>4294967295</backColor>
          <fontSize>18</fontSize>
          <fontFamily/>
          <fontWeight>Regular</fontWeight>
          <textStyles>[]</textStyles>
          <cellBorderColor>4281571839</cellBorderColor>
          <editIndex>16</editIndex>
          <isAutoRowHeight>False</isAutoRowHeight>
        </row>
      </rows>
      <cols>
        <col width="190">
          <fontSize>18</fontSize>
          <fontFamily/>
          <fontWeight>Regular</fontWeight>
          <textStyles>[]</textStyles>
        </col>
      </cols>
    </control>
    <control controlID="33FFC75A-C7DF-406C-B1A6-0488BF6C84FF" controlTypeID="Label" x="874" y="161" w="161" h="28" zOrder="6">
      <caption>AVAILABLE+BALANCE</caption>
      <font family="Titillium+Web" displayName="Titillium+Web+Regular" postScript="" weightStyle="Regular" weight="400" isBold="False" isItalic="False"/>
      <text>AVAILABLE+BALANCE</text>
      <textColor>4294967295</textColor>
      <textSize>18</textSize>
      <lineSpacing>0</lineSpacing>
      <useDefaultTextSize>False</useDefaultTextSize>
      <selectedIndex>-1</selectedIndex>
    </control>
    <control controlID="6ADAF36E-97BE-40DB-A168-1C3D9BF59D2C" controlTypeID="Label" x="865" y="254" w="177" h="110" zOrder="7">
      <font family="Titillium+Web" displayName="Titillium+Web+Regular" postScript="" weightStyle="Regular" weight="400" isBold="False" isItalic="False"/>
      <text>1%2C111</text>
      <textColor>4294967295</textColor>
      <textSize>72</textSize>
      <lineSpacing>0</lineSpacing>
      <useDefaultTextSize>False</useDefaultTextSize>
      <selectedIndex>-1</selectedIndex>
    </control>
    <control controlID="C817555D-ED5A-4F4B-9534-9C6CFBB58D98" controlTypeID="Label" x="844" y="284" w="11" h="31" zOrder="8">
      <caption>Saving+Accnt+%23</caption>
      <font family="Titillium+Web" displayName="Titillium+Web+Regular" postScript="" weightStyle="Regular" weight="400" isBold="False" isItalic="False"/>
      <text>$</text>
      <textColor>4294967295</textColor>
      <textSize>20</textSize>
      <lineSpacing>0</lineSpacing>
      <useDefaultTextSize>False</useDefaultTextSize>
      <selectedIndex>-1</selectedIndex>
    </control>
    <control controlID="0763BDC6-3D69-4CD0-A590-051480B4B92F" controlTypeID="Label" x="1042" y="283" w="22" h="31" zOrder="9">
      <caption>CURRENT+BALLANCE</caption>
      <font family="Titillium+Web" displayName="Titillium+Web+Regular" postScript="" weightStyle="Regular" weight="400" isBold="False" isItalic="False"/>
      <text>00</text>
      <textColor>4294967295</textColor>
      <textSize>20</textSize>
      <lineSpacing>0</lineSpacing>
      <useDefaultTextSize>False</useDefaultTextSize>
      <selectedIndex>-1</selectedIndex>
    </control>
    <control controlID="F698F3FD-19D0-4371-B7C5-EAF2B305BC43" controlTypeID="Label" x="146" y="219" w="158" h="37" zOrder="10">
      <font family="Titillium+Web" displayName="Titillium+Web+Regular" postScript="" weightStyle="Regular" weight="400" isBold="False" isItalic="False"/>
      <text>Account+Type(s)</text>
      <textColor>4294967295</textColor>
      <textSize>24</textSize>
      <lineSpacing>0</lineSpacing>
      <useDefaultTextSize>False</useDefaultTextSize>
      <selectedIndex>-1</selectedIndex>
    </control>
    <control controlID="26AFB42E-F47A-4455-9558-40EE6EA0C55F" controlTypeID="Button" x="1518" y="274" w="266" h="70" zOrder="11">
      <color>4279135388</color>
      <borderColor>4294967295</borderColor>
      <font family="Titillium+Web" displayName="Titillium+Web_%26_Bold" postScript="" weightStyle="Bold" weight="700" isBold="True" isItalic="False"/>
      <text>Transfer+Money</text>
      <textColor>4294967295</textColor>
      <textSize>24</textSize>
      <lineSpacing>0</lineSpacing>
      <textStyles>[fsBold]</textStyles>
      <useDefaultTextSize>False</useDefaultTextSize>
      <selectedIndex>-1</selectedIndex>
      <radius>4</radius>
    </control>
    <control controlID="035C45C6-9FE0-4E52-8B42-9D97A808277E" controlTypeID="Panel" x="259" y="547" w="1525" h="200" zOrder="12">
      <color>16777215</color>
      <borderColor>4279135388</borderColor>
      <groupChildrenDescriptors>
        <control controlID="7A19AB36-2F30-4643-9BCC-A9BB0C728BD9" controlTypeID="Border" x="0" y="0" w="1525" h="200" zOrder="0">
          <borderColor>4279135388</borderColor>
          <alias>borderLayer</alias>
          <dashMode>SdDot</dashMode>
        </control>
      </groupChildrenDescriptors>
      <thinkness>1</thinkness>
      <dashMode>SdDot</dashMode>
    </control>
    <control controlID="66619C4E-0E05-4009-A874-0386D783B2D3" controlTypeID="Label" x="119" y="506" w="116" h="28" zOrder="13">
      <caption>AVAILABLE+BALANCE</caption>
      <font family="Titillium+Web" displayName="Titillium+Web+Regular" postScript="" weightStyle="Regular" weight="400" isBold="False" isItalic="False"/>
      <text>PENDING+TXNs</text>
      <textSize>18</textSize>
      <lineSpacing>0</lineSpacing>
      <useDefaultTextSize>False</useDefaultTextSize>
      <selectedIndex>-1</selectedIndex>
    </control>
    <control controlID="414DD992-5DA4-4EB9-84E2-A6961BA2EA34" controlTypeID="Label" x="119" y="791" w="84" h="28" zOrder="14">
      <caption>AVAILABLE+BALANCE</caption>
      <font family="Titillium+Web" displayName="Titillium+Web+Regular" postScript="" weightStyle="Regular" weight="400" isBold="False" isItalic="False"/>
      <text>PAST+TXNs</text>
      <textSize>18</textSize>
      <lineSpacing>0</lineSpacing>
      <useDefaultTextSize>False</useDefaultTextSize>
      <selectedIndex>-1</selectedIndex>
    </control>
    <control controlID="A653C84D-7E3B-4688-99F5-C106893180E8" controlTypeID="Search" x="259" y="870" w="1237" h="69" zOrder="15">
      <color>16777215</color>
      <borderColor>4280300352</borderColor>
      <font family="Titillium+Web" displayName="Titillium+Web+Regular" postScript="" weightStyle="Regular" weight="400" isBold="False" isItalic="False" useDefaultFontFamily="False"/>
      <text>Search+amount+or+description</text>
      <textSize>20</textSize>
      <textVAlign>VaTop</textVAlign>
      <lineSpacing>0</lineSpacing>
      <useDefaultTextSize>False</useDefaultTextSize>
      <selectedIndex>-1</selectedIndex>
      <state>CsDisabled</state>
      <radiusIsPercent>False</radiusIsPercent>
      <radius>8</radius>
    </control>
    <control controlID="EE3E4C32-AC3C-4F1C-8132-B3A8B456C08C" controlTypeID="Table" x="259" y="1002" w="1525" h="1275" zOrder="16">
      <caption>TXN+Table</caption>
      <borderVisible>False</borderVisible>
      <font family="Titillium+Web" displayName="Titillium+Web+Regular" postScript="" weightStyle="Regular" weight="400" isBold="False" isItalic="False"/>
      <text>Column+1%09Column+2%09Column+3%09%09%09%09%09%09%09%09%09%09%09%09%09%09%09%09%09%09%09%09%09%09%09%09%09%09%09%09%09%09%09%09%09%09%09%09%09%09%09%09%09%09%09%09%09%09%09%09%09%09%09%09%09%09%09%09%09%09%09%09%09%09%09%09%09%09%09%09%09%09%09%09%09%09%09%09%09%09%09%09%09%09%09%09%09%09%09</text>
      <textSize>14</textSize>
      <textAlign>HaCenter</textAlign>
      <lineSpacing>0</lineSpacing>
      <useDefaultTextSize>False</useDefaultTextSize>
      <thickness>1</thickness>
      <dashMode>SdSolid</dashMode>
      <tableStyle>tsHiddenColLine</tableStyle>
      <fontSize>20</fontSize>
      <fontFamily/>
      <fontWeight>Regular</fontWeight>
      <textStyles>[]</textStyles>
      <cellBorderVisible>False</cellBorderVisible>
      <editIndex>0</editIndex>
      <cells>
        <cell rows="0,0" cols="0,0">
          <fontSize>20</fontSize>
          <fontFamily>Titillium+Web</fontFamily>
          <fontWeight>Regular</fontWeight>
          <textStyles>[]</textStyles>
          <cellBorderVisible>True</cellBorderVisible>
          <editIndex>12</editIndex>
          <text>Column+1</text>
          <textHeight>43</textHeight>
          <font family="Titillium+Web" displayName="Titillium+Web+Regular" postScript="" weightStyle="Regular" weight="400" isBold="False" isItalic="False"/>
        </cell>
        <cell rows="0,0" cols="1,1">
          <fontSize>20</fontSize>
          <fontFamily>Titillium+Web</fontFamily>
          <fontWeight>Regular</fontWeight>
          <textStyles>[]</textStyles>
          <cellBorderVisible>True</cellBorderVisible>
          <editIndex>12</editIndex>
          <text>Column+2</text>
          <textHeight>43</textHeight>
          <font family="Titillium+Web" displayName="Titillium+Web+Regular" postScript="" weightStyle="Regular" weight="400" isBold="False" isItalic="False"/>
        </cell>
        <cell rows="0,0" cols="2,2">
          <fontSize>20</fontSize>
          <fontFamily>Titillium+Web</fontFamily>
          <fontWeight>Regular</fontWeight>
          <textStyles>[]</textStyles>
          <cellBorderVisible>True</cellBorderVisible>
          <editIndex>12</editIndex>
          <text>Column+3</text>
          <textHeight>43</textHeight>
          <font family="Titillium+Web" displayName="Titillium+Web+Regular" postScript="" weightStyle="Regular" weight="400" isBold="False" isItalic="False"/>
        </cell>
        <cell rows="0,0" cols="3,3">
          <fontFamily>Titillium+Web</fontFamily>
          <fontWeight>Regular</fontWeight>
          <textStyles>[]</textStyles>
          <cellBorderVisible>True</cellBorderVisible>
          <editIndex>12</editIndex>
          <textHeight>12</textHeight>
          <font family="Titillium+Web" displayName="Titillium+Web+Regular" postScript="" weightStyle="Regular" weight="400" isBold="False" isItalic="False"/>
        </cell>
        <cell rows="0,0" cols="4,4">
          <fontFamily>Titillium+Web</fontFamily>
          <fontWeight>Regular</fontWeight>
          <textStyles>[]</textStyles>
          <cellBorderVisible>True</cellBorderVisible>
          <editIndex>12</editIndex>
          <textHeight>12</textHeight>
          <font family="Titillium+Web" displayName="Titillium+Web+Regular" postScript="" weightStyle="Regular" weight="400" isBold="False" isItalic="False"/>
        </cell>
        <cell rows="0,0" cols="5,5">
          <fontFamily>Titillium+Web</fontFamily>
          <fontWeight>Regular</fontWeight>
          <textStyles>[]</textStyles>
          <cellBorderVisible>True</cellBorderVisible>
          <editIndex>12</editIndex>
          <textHeight>12</textHeight>
          <font family="Titillium+Web" displayName="Titillium+Web+Regular" postScript="" weightStyle="Regular" weight="400" isBold="False" isItalic="False"/>
        </cell>
        <cell rows="1,1" cols="0,0">
          <fontSize>20</fontSize>
          <fontFamily>Titillium+Web</fontFamily>
          <fontWeight>Regular</fontWeight>
          <textStyles>[]</textStyles>
          <cellBorderVisible>True</cellBorderVisible>
          <editIndex>12</editIndex>
          <textHeight>12</textHeight>
          <font family="Titillium+Web" displayName="Titillium+Web+Regular" postScript="" weightStyle="Regular" weight="400" isBold="False" isItalic="False"/>
        </cell>
        <cell rows="1,1" cols="1,1">
          <fontSize>20</fontSize>
          <fontFamily>Titillium+Web</fontFamily>
          <fontWeight>Regular</fontWeight>
          <textStyles>[]</textStyles>
          <cellBorderVisible>True</cellBorderVisible>
          <editIndex>12</editIndex>
          <textHeight>12</textHeight>
          <font family="Titillium+Web" displayName="Titillium+Web+Regular" postScript="" weightStyle="Regular" weight="400" isBold="False" isItalic="False"/>
        </cell>
        <cell rows="1,1" cols="2,2">
          <fontSize>20</fontSize>
          <fontFamily>Titillium+Web</fontFamily>
          <fontWeight>Regular</fontWeight>
          <textStyles>[]</textStyles>
          <cellBorderVisible>True</cellBorderVisible>
          <editIndex>12</editIndex>
          <textHeight>12</textHeight>
          <font family="Titillium+Web" displayName="Titillium+Web+Regular" postScript="" weightStyle="Regular" weight="400" isBold="False" isItalic="False"/>
        </cell>
        <cell rows="1,1" cols="3,3">
          <fontFamily>Titillium+Web</fontFamily>
          <fontWeight>Regular</fontWeight>
          <textStyles>[]</textStyles>
          <cellBorderVisible>True</cellBorderVisible>
          <editIndex>12</editIndex>
          <textHeight>12</textHeight>
          <font family="Titillium+Web" displayName="Titillium+Web+Regular" postScript="" weightStyle="Regular" weight="400" isBold="False" isItalic="False"/>
        </cell>
        <cell rows="1,1" cols="4,4">
          <fontFamily>Titillium+Web</fontFamily>
          <fontWeight>Regular</fontWeight>
          <textStyles>[]</textStyles>
          <cellBorderVisible>True</cellBorderVisible>
          <editIndex>12</editIndex>
          <textHeight>12</textHeight>
          <font family="Titillium+Web" displayName="Titillium+Web+Regular" postScript="" weightStyle="Regular" weight="400" isBold="False" isItalic="False"/>
        </cell>
        <cell rows="1,1" cols="5,5">
          <fontFamily>Titillium+Web</fontFamily>
          <fontWeight>Regular</fontWeight>
          <textStyles>[]</textStyles>
          <cellBorderVisible>True</cellBorderVisible>
          <editIndex>12</editIndex>
          <textHeight>12</textHeight>
          <font family="Titillium+Web" displayName="Titillium+Web+Regular" postScript="" weightStyle="Regular" weight="400" isBold="False" isItalic="False"/>
        </cell>
        <cell rows="2,2" cols="0,0">
          <fontSize>20</fontSize>
          <fontFamily>Titillium+Web</fontFamily>
          <fontWeight>Regular</fontWeight>
          <textStyles>[]</textStyles>
          <cellBorderVisible>True</cellBorderVisible>
          <editIndex>12</editIndex>
          <textHeight>12</textHeight>
          <font family="Titillium+Web" displayName="Titillium+Web+Regular" postScript="" weightStyle="Regular" weight="400" isBold="False" isItalic="False"/>
        </cell>
        <cell rows="2,2" cols="1,1">
          <fontSize>20</fontSize>
          <fontFamily>Titillium+Web</fontFamily>
          <fontWeight>Regular</fontWeight>
          <textStyles>[]</textStyles>
          <cellBorderVisible>True</cellBorderVisible>
          <editIndex>12</editIndex>
          <textHeight>12</textHeight>
          <font family="Titillium+Web" displayName="Titillium+Web+Regular" postScript="" weightStyle="Regular" weight="400" isBold="False" isItalic="False"/>
        </cell>
        <cell rows="2,2" cols="2,2">
          <fontSize>20</fontSize>
          <fontFamily>Titillium+Web</fontFamily>
          <fontWeight>Regular</fontWeight>
          <textStyles>[]</textStyles>
          <cellBorderVisible>True</cellBorderVisible>
          <editIndex>12</editIndex>
          <textHeight>12</textHeight>
          <font family="Titillium+Web" displayName="Titillium+Web+Regular" postScript="" weightStyle="Regular" weight="400" isBold="False" isItalic="False"/>
        </cell>
        <cell rows="2,2" cols="3,3">
          <fontFamily>Titillium+Web</fontFamily>
          <fontWeight>Regular</fontWeight>
          <textStyles>[]</textStyles>
          <cellBorderVisible>True</cellBorderVisible>
          <editIndex>12</editIndex>
          <textHeight>12</textHeight>
          <font family="Titillium+Web" displayName="Titillium+Web+Regular" postScript="" weightStyle="Regular" weight="400" isBold="False" isItalic="False"/>
        </cell>
        <cell rows="2,2" cols="4,4">
          <fontFamily>Titillium+Web</fontFamily>
          <fontWeight>Regular</fontWeight>
          <textStyles>[]</textStyles>
          <cellBorderVisible>True</cellBorderVisible>
          <editIndex>12</editIndex>
          <textHeight>12</textHeight>
          <font family="Titillium+Web" displayName="Titillium+Web+Regular" postScript="" weightStyle="Regular" weight="400" isBold="False" isItalic="False"/>
        </cell>
        <cell rows="2,2" cols="5,5">
          <fontFamily>Titillium+Web</fontFamily>
          <fontWeight>Regular</fontWeight>
          <textStyles>[]</textStyles>
          <cellBorderVisible>True</cellBorderVisible>
          <editIndex>18</editIndex>
          <textHeight>12</textHeight>
          <font family="Titillium+Web" displayName="Titillium+Web+Regular" postScript="" weightStyle="Regular" weight="400" isBold="False" isItalic="False"/>
        </cell>
        <cell rows="3,3" cols="0,0">
          <fontFamily>Titillium+Web</fontFamily>
          <fontWeight>Regular</fontWeight>
          <textStyles>[]</textStyles>
          <cellBorderVisible>True</cellBorderVisible>
          <editIndex>21</editIndex>
          <textHeight>12</textHeight>
          <font family="Titillium+Web" displayName="Titillium+Web+Regular" postScript="" weightStyle="Regular" weight="400" isBold="False" isItalic="False"/>
        </cell>
        <cell rows="3,3" cols="1,1">
          <fontFamily>Titillium+Web</fontFamily>
          <fontWeight>Regular</fontWeight>
          <textStyles>[]</textStyles>
          <cellBorderVisible>True</cellBorderVisible>
          <editIndex>21</editIndex>
          <textHeight>12</textHeight>
          <font family="Titillium+Web" displayName="Titillium+Web+Regular" postScript="" weightStyle="Regular" weight="400" isBold="False" isItalic="False"/>
        </cell>
        <cell rows="3,3" cols="2,2">
          <fontFamily>Titillium+Web</fontFamily>
          <fontWeight>Regular</fontWeight>
          <textStyles>[]</textStyles>
          <cellBorderVisible>True</cellBorderVisible>
          <editIndex>21</editIndex>
          <textHeight>12</textHeight>
          <font family="Titillium+Web" displayName="Titillium+Web+Regular" postScript="" weightStyle="Regular" weight="400" isBold="False" isItalic="False"/>
        </cell>
        <cell rows="3,3" cols="3,3">
          <fontFamily>Titillium+Web</fontFamily>
          <fontWeight>Regular</fontWeight>
          <textStyles>[]</textStyles>
          <cellBorderVisible>True</cellBorderVisible>
          <editIndex>21</editIndex>
          <textHeight>12</textHeight>
          <font family="Titillium+Web" displayName="Titillium+Web+Regular" postScript="" weightStyle="Regular" weight="400" isBold="False" isItalic="False"/>
        </cell>
        <cell rows="3,3" cols="4,4">
          <fontFamily>Titillium+Web</fontFamily>
          <fontWeight>Regular</fontWeight>
          <textStyles>[]</textStyles>
          <cellBorderVisible>True</cellBorderVisible>
          <editIndex>21</editIndex>
          <textHeight>12</textHeight>
          <font family="Titillium+Web" displayName="Titillium+Web+Regular" postScript="" weightStyle="Regular" weight="400" isBold="False" isItalic="False"/>
        </cell>
        <cell rows="3,3" cols="5,5">
          <fontFamily>Titillium+Web</fontFamily>
          <fontWeight>Regular</fontWeight>
          <textStyles>[]</textStyles>
          <cellBorderVisible>True</cellBorderVisible>
          <editIndex>21</editIndex>
          <textHeight>12</textHeight>
          <font family="Titillium+Web" displayName="Titillium+Web+Regular" postScript="" weightStyle="Regular" weight="400" isBold="False" isItalic="False"/>
        </cell>
        <cell rows="4,4" cols="0,0">
          <fontFamily>Titillium+Web</fontFamily>
          <fontWeight>Regular</fontWeight>
          <textStyles>[]</textStyles>
          <cellBorderVisible>True</cellBorderVisible>
          <editIndex>21</editIndex>
          <textHeight>12</textHeight>
          <font family="Titillium+Web" displayName="Titillium+Web+Regular" postScript="" weightStyle="Regular" weight="400" isBold="False" isItalic="False"/>
        </cell>
        <cell rows="4,4" cols="1,1">
          <fontFamily>Titillium+Web</fontFamily>
          <fontWeight>Regular</fontWeight>
          <textStyles>[]</textStyles>
          <cellBorderVisible>True</cellBorderVisible>
          <editIndex>21</editIndex>
          <textHeight>12</textHeight>
          <font family="Titillium+Web" displayName="Titillium+Web+Regular" postScript="" weightStyle="Regular" weight="400" isBold="False" isItalic="False"/>
        </cell>
        <cell rows="4,4" cols="2,2">
          <fontFamily>Titillium+Web</fontFamily>
          <fontWeight>Regular</fontWeight>
          <textStyles>[]</textStyles>
          <cellBorderVisible>True</cellBorderVisible>
          <editIndex>21</editIndex>
          <textHeight>12</textHeight>
          <font family="Titillium+Web" displayName="Titillium+Web+Regular" postScript="" weightStyle="Regular" weight="400" isBold="False" isItalic="False"/>
        </cell>
        <cell rows="4,4" cols="3,3">
          <fontFamily>Titillium+Web</fontFamily>
          <fontWeight>Regular</fontWeight>
          <textStyles>[]</textStyles>
          <cellBorderVisible>True</cellBorderVisible>
          <editIndex>21</editIndex>
          <textHeight>12</textHeight>
          <font family="Titillium+Web" displayName="Titillium+Web+Regular" postScript="" weightStyle="Regular" weight="400" isBold="False" isItalic="False"/>
        </cell>
        <cell rows="4,4" cols="4,4">
          <fontFamily>Titillium+Web</fontFamily>
          <fontWeight>Regular</fontWeight>
          <textStyles>[]</textStyles>
          <cellBorderVisible>True</cellBorderVisible>
          <editIndex>21</editIndex>
          <textHeight>12</textHeight>
          <font family="Titillium+Web" displayName="Titillium+Web+Regular" postScript="" weightStyle="Regular" weight="400" isBold="False" isItalic="False"/>
        </cell>
        <cell rows="4,4" cols="5,5">
          <fontFamily>Titillium+Web</fontFamily>
          <fontWeight>Regular</fontWeight>
          <textStyles>[]</textStyles>
          <cellBorderVisible>True</cellBorderVisible>
          <editIndex>21</editIndex>
          <textHeight>12</textHeight>
          <font family="Titillium+Web" displayName="Titillium+Web+Regular" postScript="" weightStyle="Regular" weight="400" isBold="False" isItalic="False"/>
        </cell>
        <cell rows="5,5" cols="0,0">
          <fontFamily>Titillium+Web</fontFamily>
          <fontWeight>Regular</fontWeight>
          <textStyles>[]</textStyles>
          <cellBorderVisible>True</cellBorderVisible>
          <editIndex>21</editIndex>
          <textHeight>12</textHeight>
          <font family="Titillium+Web" displayName="Titillium+Web+Regular" postScript="" weightStyle="Regular" weight="400" isBold="False" isItalic="False"/>
        </cell>
        <cell rows="5,5" cols="1,1">
          <fontFamily>Titillium+Web</fontFamily>
          <fontWeight>Regular</fontWeight>
          <textStyles>[]</textStyles>
          <cellBorderVisible>True</cellBorderVisible>
          <editIndex>21</editIndex>
          <textHeight>12</textHeight>
          <font family="Titillium+Web" displayName="Titillium+Web+Regular" postScript="" weightStyle="Regular" weight="400" isBold="False" isItalic="False"/>
        </cell>
        <cell rows="5,5" cols="2,2">
          <fontFamily>Titillium+Web</fontFamily>
          <fontWeight>Regular</fontWeight>
          <textStyles>[]</textStyles>
          <cellBorderVisible>True</cellBorderVisible>
          <editIndex>21</editIndex>
          <textHeight>12</textHeight>
          <font family="Titillium+Web" displayName="Titillium+Web+Regular" postScript="" weightStyle="Regular" weight="400" isBold="False" isItalic="False"/>
        </cell>
        <cell rows="5,5" cols="3,3">
          <fontFamily>Titillium+Web</fontFamily>
          <fontWeight>Regular</fontWeight>
          <textStyles>[]</textStyles>
          <cellBorderVisible>True</cellBorderVisible>
          <editIndex>21</editIndex>
          <textHeight>12</textHeight>
          <font family="Titillium+Web" displayName="Titillium+Web+Regular" postScript="" weightStyle="Regular" weight="400" isBold="False" isItalic="False"/>
        </cell>
        <cell rows="5,5" cols="4,4">
          <fontFamily>Titillium+Web</fontFamily>
          <fontWeight>Regular</fontWeight>
          <textStyles>[]</textStyles>
          <cellBorderVisible>True</cellBorderVisible>
          <editIndex>21</editIndex>
          <textHeight>12</textHeight>
          <font family="Titillium+Web" displayName="Titillium+Web+Regular" postScript="" weightStyle="Regular" weight="400" isBold="False" isItalic="False"/>
        </cell>
        <cell rows="5,5" cols="5,5">
          <fontFamily>Titillium+Web</fontFamily>
          <fontWeight>Regular</fontWeight>
          <textStyles>[]</textStyles>
          <cellBorderVisible>True</cellBorderVisible>
          <editIndex>21</editIndex>
          <textHeight>12</textHeight>
          <font family="Titillium+Web" displayName="Titillium+Web+Regular" postScript="" weightStyle="Regular" weight="400" isBold="False" isItalic="False"/>
        </cell>
        <cell rows="6,6" cols="0,0">
          <fontFamily>Titillium+Web</fontFamily>
          <fontWeight>Regular</fontWeight>
          <textStyles>[]</textStyles>
          <cellBorderVisible>True</cellBorderVisible>
          <editIndex>21</editIndex>
          <textHeight>12</textHeight>
          <font family="Titillium+Web" displayName="Titillium+Web+Regular" postScript="" weightStyle="Regular" weight="400" isBold="False" isItalic="False"/>
        </cell>
        <cell rows="6,6" cols="1,1">
          <fontFamily>Titillium+Web</fontFamily>
          <fontWeight>Regular</fontWeight>
          <textStyles>[]</textStyles>
          <cellBorderVisible>True</cellBorderVisible>
          <editIndex>21</editIndex>
          <textHeight>12</textHeight>
          <font family="Titillium+Web" displayName="Titillium+Web+Regular" postScript="" weightStyle="Regular" weight="400" isBold="False" isItalic="False"/>
        </cell>
        <cell rows="6,6" cols="2,2">
          <fontFamily>Titillium+Web</fontFamily>
          <fontWeight>Regular</fontWeight>
          <textStyles>[]</textStyles>
          <cellBorderVisible>True</cellBorderVisible>
          <editIndex>21</editIndex>
          <textHeight>12</textHeight>
          <font family="Titillium+Web" displayName="Titillium+Web+Regular" postScript="" weightStyle="Regular" weight="400" isBold="False" isItalic="False"/>
        </cell>
        <cell rows="6,6" cols="3,3">
          <fontFamily>Titillium+Web</fontFamily>
          <fontWeight>Regular</fontWeight>
          <textStyles>[]</textStyles>
          <cellBorderVisible>True</cellBorderVisible>
          <editIndex>21</editIndex>
          <textHeight>12</textHeight>
          <font family="Titillium+Web" displayName="Titillium+Web+Regular" postScript="" weightStyle="Regular" weight="400" isBold="False" isItalic="False"/>
        </cell>
        <cell rows="6,6" cols="4,4">
          <fontFamily>Titillium+Web</fontFamily>
          <fontWeight>Regular</fontWeight>
          <textStyles>[]</textStyles>
          <cellBorderVisible>True</cellBorderVisible>
          <editIndex>21</editIndex>
          <textHeight>12</textHeight>
          <font family="Titillium+Web" displayName="Titillium+Web+Regular" postScript="" weightStyle="Regular" weight="400" isBold="False" isItalic="False"/>
        </cell>
        <cell rows="6,6" cols="5,5">
          <fontFamily>Titillium+Web</fontFamily>
          <fontWeight>Regular</fontWeight>
          <textStyles>[]</textStyles>
          <cellBorderVisible>True</cellBorderVisible>
          <editIndex>21</editIndex>
          <textHeight>12</textHeight>
          <font family="Titillium+Web" displayName="Titillium+Web+Regular" postScript="" weightStyle="Regular" weight="400" isBold="False" isItalic="False"/>
        </cell>
        <cell rows="7,7" cols="0,0">
          <fontFamily>Titillium+Web</fontFamily>
          <fontWeight>Regular</fontWeight>
          <textStyles>[]</textStyles>
          <cellBorderVisible>True</cellBorderVisible>
          <editIndex>21</editIndex>
          <textHeight>12</textHeight>
          <font family="Titillium+Web" displayName="Titillium+Web+Regular" postScript="" weightStyle="Regular" weight="400" isBold="False" isItalic="False"/>
        </cell>
        <cell rows="7,7" cols="1,1">
          <fontFamily>Titillium+Web</fontFamily>
          <fontWeight>Regular</fontWeight>
          <textStyles>[]</textStyles>
          <cellBorderVisible>True</cellBorderVisible>
          <editIndex>21</editIndex>
          <textHeight>12</textHeight>
          <font family="Titillium+Web" displayName="Titillium+Web+Regular" postScript="" weightStyle="Regular" weight="400" isBold="False" isItalic="False"/>
        </cell>
        <cell rows="7,7" cols="2,2">
          <fontFamily>Titillium+Web</fontFamily>
          <fontWeight>Regular</fontWeight>
          <textStyles>[]</textStyles>
          <cellBorderVisible>True</cellBorderVisible>
          <editIndex>21</editIndex>
          <textHeight>12</textHeight>
          <font family="Titillium+Web" displayName="Titillium+Web+Regular" postScript="" weightStyle="Regular" weight="400" isBold="False" isItalic="False"/>
        </cell>
        <cell rows="7,7" cols="3,3">
          <fontFamily>Titillium+Web</fontFamily>
          <fontWeight>Regular</fontWeight>
          <textStyles>[]</textStyles>
          <cellBorderVisible>True</cellBorderVisible>
          <editIndex>21</editIndex>
          <textHeight>12</textHeight>
          <font family="Titillium+Web" displayName="Titillium+Web+Regular" postScript="" weightStyle="Regular" weight="400" isBold="False" isItalic="False"/>
        </cell>
        <cell rows="7,7" cols="4,4">
          <fontFamily>Titillium+Web</fontFamily>
          <fontWeight>Regular</fontWeight>
          <textStyles>[]</textStyles>
          <cellBorderVisible>True</cellBorderVisible>
          <editIndex>21</editIndex>
          <textHeight>12</textHeight>
          <font family="Titillium+Web" displayName="Titillium+Web+Regular" postScript="" weightStyle="Regular" weight="400" isBold="False" isItalic="False"/>
        </cell>
        <cell rows="7,7" cols="5,5">
          <fontFamily>Titillium+Web</fontFamily>
          <fontWeight>Regular</fontWeight>
          <textStyles>[]</textStyles>
          <cellBorderVisible>True</cellBorderVisible>
          <editIndex>21</editIndex>
          <textHeight>12</textHeight>
          <font family="Titillium+Web" displayName="Titillium+Web+Regular" postScript="" weightStyle="Regular" weight="400" isBold="False" isItalic="False"/>
        </cell>
        <cell rows="8,8" cols="0,0">
          <fontFamily>Titillium+Web</fontFamily>
          <fontWeight>Regular</fontWeight>
          <textStyles>[]</textStyles>
          <cellBorderVisible>True</cellBorderVisible>
          <editIndex>21</editIndex>
          <textHeight>12</textHeight>
          <font family="Titillium+Web" displayName="Titillium+Web+Regular" postScript="" weightStyle="Regular" weight="400" isBold="False" isItalic="False"/>
        </cell>
        <cell rows="8,8" cols="1,1">
          <fontFamily>Titillium+Web</fontFamily>
          <fontWeight>Regular</fontWeight>
          <textStyles>[]</textStyles>
          <cellBorderVisible>True</cellBorderVisible>
          <editIndex>21</editIndex>
          <textHeight>12</textHeight>
          <font family="Titillium+Web" displayName="Titillium+Web+Regular" postScript="" weightStyle="Regular" weight="400" isBold="False" isItalic="False"/>
        </cell>
        <cell rows="8,8" cols="2,2">
          <fontFamily>Titillium+Web</fontFamily>
          <fontWeight>Regular</fontWeight>
          <textStyles>[]</textStyles>
          <cellBorderVisible>True</cellBorderVisible>
          <editIndex>21</editIndex>
          <textHeight>12</textHeight>
          <font family="Titillium+Web" displayName="Titillium+Web+Regular" postScript="" weightStyle="Regular" weight="400" isBold="False" isItalic="False"/>
        </cell>
        <cell rows="8,8" cols="3,3">
          <fontFamily>Titillium+Web</fontFamily>
          <fontWeight>Regular</fontWeight>
          <textStyles>[]</textStyles>
          <cellBorderVisible>True</cellBorderVisible>
          <editIndex>21</editIndex>
          <textHeight>12</textHeight>
          <font family="Titillium+Web" displayName="Titillium+Web+Regular" postScript="" weightStyle="Regular" weight="400" isBold="False" isItalic="False"/>
        </cell>
        <cell rows="8,8" cols="4,4">
          <fontFamily>Titillium+Web</fontFamily>
          <fontWeight>Regular</fontWeight>
          <textStyles>[]</textStyles>
          <cellBorderVisible>True</cellBorderVisible>
          <editIndex>21</editIndex>
          <textHeight>12</textHeight>
          <font family="Titillium+Web" displayName="Titillium+Web+Regular" postScript="" weightStyle="Regular" weight="400" isBold="False" isItalic="False"/>
        </cell>
        <cell rows="8,8" cols="5,5">
          <fontFamily>Titillium+Web</fontFamily>
          <fontWeight>Regular</fontWeight>
          <textStyles>[]</textStyles>
          <cellBorderVisible>True</cellBorderVisible>
          <editIndex>21</editIndex>
          <textHeight>12</textHeight>
          <font family="Titillium+Web" displayName="Titillium+Web+Regular" postScript="" weightStyle="Regular" weight="400" isBold="False" isItalic="False"/>
        </cell>
        <cell rows="9,9" cols="0,0">
          <fontFamily>Titillium+Web</fontFamily>
          <fontWeight>Regular</fontWeight>
          <textStyles>[]</textStyles>
          <cellBorderVisible>True</cellBorderVisible>
          <editIndex>21</editIndex>
          <textHeight>12</textHeight>
          <font family="Titillium+Web" displayName="Titillium+Web+Regular" postScript="" weightStyle="Regular" weight="400" isBold="False" isItalic="False"/>
        </cell>
        <cell rows="9,9" cols="1,1">
          <fontFamily>Titillium+Web</fontFamily>
          <fontWeight>Regular</fontWeight>
          <textStyles>[]</textStyles>
          <cellBorderVisible>True</cellBorderVisible>
          <editIndex>21</editIndex>
          <textHeight>12</textHeight>
          <font family="Titillium+Web" displayName="Titillium+Web+Regular" postScript="" weightStyle="Regular" weight="400" isBold="False" isItalic="False"/>
        </cell>
        <cell rows="9,9" cols="2,2">
          <fontFamily>Titillium+Web</fontFamily>
          <fontWeight>Regular</fontWeight>
          <textStyles>[]</textStyles>
          <cellBorderVisible>True</cellBorderVisible>
          <editIndex>21</editIndex>
          <textHeight>12</textHeight>
          <font family="Titillium+Web" displayName="Titillium+Web+Regular" postScript="" weightStyle="Regular" weight="400" isBold="False" isItalic="False"/>
        </cell>
        <cell rows="9,9" cols="3,3">
          <fontFamily>Titillium+Web</fontFamily>
          <fontWeight>Regular</fontWeight>
          <textStyles>[]</textStyles>
          <cellBorderVisible>True</cellBorderVisible>
          <editIndex>21</editIndex>
          <textHeight>12</textHeight>
          <font family="Titillium+Web" displayName="Titillium+Web+Regular" postScript="" weightStyle="Regular" weight="400" isBold="False" isItalic="False"/>
        </cell>
        <cell rows="9,9" cols="4,4">
          <fontFamily>Titillium+Web</fontFamily>
          <fontWeight>Regular</fontWeight>
          <textStyles>[]</textStyles>
          <cellBorderVisible>True</cellBorderVisible>
          <editIndex>21</editIndex>
          <textHeight>12</textHeight>
          <font family="Titillium+Web" displayName="Titillium+Web+Regular" postScript="" weightStyle="Regular" weight="400" isBold="False" isItalic="False"/>
        </cell>
        <cell rows="9,9" cols="5,5">
          <fontFamily>Titillium+Web</fontFamily>
          <fontWeight>Regular</fontWeight>
          <textStyles>[]</textStyles>
          <cellBorderVisible>True</cellBorderVisible>
          <editIndex>21</editIndex>
          <textHeight>12</textHeight>
          <font family="Titillium+Web" displayName="Titillium+Web+Regular" postScript="" weightStyle="Regular" weight="400" isBold="False" isItalic="False"/>
        </cell>
        <cell rows="10,10" cols="0,0">
          <fontFamily>Titillium+Web</fontFamily>
          <fontWeight>Regular</fontWeight>
          <textStyles>[]</textStyles>
          <cellBorderVisible>True</cellBorderVisible>
          <editIndex>21</editIndex>
          <textHeight>12</textHeight>
          <font family="Titillium+Web" displayName="Titillium+Web+Regular" postScript="" weightStyle="Regular" weight="400" isBold="False" isItalic="False"/>
        </cell>
        <cell rows="10,10" cols="1,1">
          <fontFamily>Titillium+Web</fontFamily>
          <fontWeight>Regular</fontWeight>
          <textStyles>[]</textStyles>
          <cellBorderVisible>True</cellBorderVisible>
          <editIndex>21</editIndex>
          <textHeight>12</textHeight>
          <font family="Titillium+Web" displayName="Titillium+Web+Regular" postScript="" weightStyle="Regular" weight="400" isBold="False" isItalic="False"/>
        </cell>
        <cell rows="10,10" cols="2,2">
          <fontFamily>Titillium+Web</fontFamily>
          <fontWeight>Regular</fontWeight>
          <textStyles>[]</textStyles>
          <cellBorderVisible>True</cellBorderVisible>
          <editIndex>21</editIndex>
          <textHeight>12</textHeight>
          <font family="Titillium+Web" displayName="Titillium+Web+Regular" postScript="" weightStyle="Regular" weight="400" isBold="False" isItalic="False"/>
        </cell>
        <cell rows="10,10" cols="3,3">
          <fontFamily>Titillium+Web</fontFamily>
          <fontWeight>Regular</fontWeight>
          <textStyles>[]</textStyles>
          <cellBorderVisible>True</cellBorderVisible>
          <editIndex>21</editIndex>
          <textHeight>12</textHeight>
          <font family="Titillium+Web" displayName="Titillium+Web+Regular" postScript="" weightStyle="Regular" weight="400" isBold="False" isItalic="False"/>
        </cell>
        <cell rows="10,10" cols="4,4">
          <fontFamily>Titillium+Web</fontFamily>
          <fontWeight>Regular</fontWeight>
          <textStyles>[]</textStyles>
          <cellBorderVisible>True</cellBorderVisible>
          <editIndex>21</editIndex>
          <textHeight>12</textHeight>
          <font family="Titillium+Web" displayName="Titillium+Web+Regular" postScript="" weightStyle="Regular" weight="400" isBold="False" isItalic="False"/>
        </cell>
        <cell rows="10,10" cols="5,5">
          <fontFamily>Titillium+Web</fontFamily>
          <fontWeight>Regular</fontWeight>
          <textStyles>[]</textStyles>
          <cellBorderVisible>True</cellBorderVisible>
          <editIndex>21</editIndex>
          <textHeight>12</textHeight>
          <font family="Titillium+Web" displayName="Titillium+Web+Regular" postScript="" weightStyle="Regular" weight="400" isBold="False" isItalic="False"/>
        </cell>
        <cell rows="11,11" cols="0,0">
          <fontFamily>Titillium+Web</fontFamily>
          <fontWeight>Regular</fontWeight>
          <textStyles>[]</textStyles>
          <cellBorderVisible>True</cellBorderVisible>
          <editIndex>21</editIndex>
          <textHeight>12</textHeight>
          <font family="Titillium+Web" displayName="Titillium+Web+Regular" postScript="" weightStyle="Regular" weight="400" isBold="False" isItalic="False"/>
        </cell>
        <cell rows="11,11" cols="1,1">
          <fontFamily>Titillium+Web</fontFamily>
          <fontWeight>Regular</fontWeight>
          <textStyles>[]</textStyles>
          <cellBorderVisible>True</cellBorderVisible>
          <editIndex>21</editIndex>
          <textHeight>12</textHeight>
          <font family="Titillium+Web" displayName="Titillium+Web+Regular" postScript="" weightStyle="Regular" weight="400" isBold="False" isItalic="False"/>
        </cell>
        <cell rows="11,11" cols="2,2">
          <fontFamily>Titillium+Web</fontFamily>
          <fontWeight>Regular</fontWeight>
          <textStyles>[]</textStyles>
          <cellBorderVisible>True</cellBorderVisible>
          <editIndex>21</editIndex>
          <textHeight>12</textHeight>
          <font family="Titillium+Web" displayName="Titillium+Web+Regular" postScript="" weightStyle="Regular" weight="400" isBold="False" isItalic="False"/>
        </cell>
        <cell rows="11,11" cols="3,3">
          <fontFamily>Titillium+Web</fontFamily>
          <fontWeight>Regular</fontWeight>
          <textStyles>[]</textStyles>
          <cellBorderVisible>True</cellBorderVisible>
          <editIndex>21</editIndex>
          <textHeight>12</textHeight>
          <font family="Titillium+Web" displayName="Titillium+Web+Regular" postScript="" weightStyle="Regular" weight="400" isBold="False" isItalic="False"/>
        </cell>
        <cell rows="11,11" cols="4,4">
          <fontFamily>Titillium+Web</fontFamily>
          <fontWeight>Regular</fontWeight>
          <textStyles>[]</textStyles>
          <cellBorderVisible>True</cellBorderVisible>
          <editIndex>21</editIndex>
          <textHeight>12</textHeight>
          <font family="Titillium+Web" displayName="Titillium+Web+Regular" postScript="" weightStyle="Regular" weight="400" isBold="False" isItalic="False"/>
        </cell>
        <cell rows="11,11" cols="5,5">
          <fontFamily>Titillium+Web</fontFamily>
          <fontWeight>Regular</fontWeight>
          <textStyles>[]</textStyles>
          <cellBorderVisible>True</cellBorderVisible>
          <editIndex>21</editIndex>
          <textHeight>12</textHeight>
          <font family="Titillium+Web" displayName="Titillium+Web+Regular" postScript="" weightStyle="Regular" weight="400" isBold="False" isItalic="False"/>
        </cell>
        <cell rows="12,12" cols="0,0">
          <fontFamily>Titillium+Web</fontFamily>
          <fontWeight>Regular</fontWeight>
          <textStyles>[]</textStyles>
          <cellBorderVisible>True</cellBorderVisible>
          <editIndex>21</editIndex>
          <textHeight>12</textHeight>
          <font family="Titillium+Web" displayName="Titillium+Web+Regular" postScript="" weightStyle="Regular" weight="400" isBold="False" isItalic="False"/>
        </cell>
        <cell rows="12,12" cols="1,1">
          <fontFamily>Titillium+Web</fontFamily>
          <fontWeight>Regular</fontWeight>
          <textStyles>[]</textStyles>
          <cellBorderVisible>True</cellBorderVisible>
          <editIndex>21</editIndex>
          <textHeight>12</textHeight>
          <font family="Titillium+Web" displayName="Titillium+Web+Regular" postScript="" weightStyle="Regular" weight="400" isBold="False" isItalic="False"/>
        </cell>
        <cell rows="12,12" cols="2,2">
          <fontFamily>Titillium+Web</fontFamily>
          <fontWeight>Regular</fontWeight>
          <textStyles>[]</textStyles>
          <cellBorderVisible>True</cellBorderVisible>
          <editIndex>21</editIndex>
          <textHeight>12</textHeight>
          <font family="Titillium+Web" displayName="Titillium+Web+Regular" postScript="" weightStyle="Regular" weight="400" isBold="False" isItalic="False"/>
        </cell>
        <cell rows="12,12" cols="3,3">
          <fontFamily>Titillium+Web</fontFamily>
          <fontWeight>Regular</fontWeight>
          <textStyles>[]</textStyles>
          <cellBorderVisible>True</cellBorderVisible>
          <editIndex>21</editIndex>
          <textHeight>12</textHeight>
          <font family="Titillium+Web" displayName="Titillium+Web+Regular" postScript="" weightStyle="Regular" weight="400" isBold="False" isItalic="False"/>
        </cell>
        <cell rows="12,12" cols="4,4">
          <fontFamily>Titillium+Web</fontFamily>
          <fontWeight>Regular</fontWeight>
          <textStyles>[]</textStyles>
          <cellBorderVisible>True</cellBorderVisible>
          <editIndex>21</editIndex>
          <textHeight>12</textHeight>
          <font family="Titillium+Web" displayName="Titillium+Web+Regular" postScript="" weightStyle="Regular" weight="400" isBold="False" isItalic="False"/>
        </cell>
        <cell rows="12,12" cols="5,5">
          <fontFamily>Titillium+Web</fontFamily>
          <fontWeight>Regular</fontWeight>
          <textStyles>[]</textStyles>
          <cellBorderVisible>True</cellBorderVisible>
          <editIndex>21</editIndex>
          <textHeight>12</textHeight>
          <font family="Titillium+Web" displayName="Titillium+Web+Regular" postScript="" weightStyle="Regular" weight="400" isBold="False" isItalic="False"/>
        </cell>
        <cell rows="13,13" cols="0,0">
          <fontFamily>Titillium+Web</fontFamily>
          <fontWeight>Regular</fontWeight>
          <textStyles>[]</textStyles>
          <cellBorderVisible>True</cellBorderVisible>
          <editIndex>21</editIndex>
          <textHeight>12</textHeight>
          <font family="Titillium+Web" displayName="Titillium+Web+Regular" postScript="" weightStyle="Regular" weight="400" isBold="False" isItalic="False"/>
        </cell>
        <cell rows="13,13" cols="1,1">
          <fontFamily>Titillium+Web</fontFamily>
          <fontWeight>Regular</fontWeight>
          <textStyles>[]</textStyles>
          <cellBorderVisible>True</cellBorderVisible>
          <editIndex>21</editIndex>
          <textHeight>12</textHeight>
          <font family="Titillium+Web" displayName="Titillium+Web+Regular" postScript="" weightStyle="Regular" weight="400" isBold="False" isItalic="False"/>
        </cell>
        <cell rows="13,13" cols="2,2">
          <fontFamily>Titillium+Web</fontFamily>
          <fontWeight>Regular</fontWeight>
          <textStyles>[]</textStyles>
          <cellBorderVisible>True</cellBorderVisible>
          <editIndex>21</editIndex>
          <textHeight>12</textHeight>
          <font family="Titillium+Web" displayName="Titillium+Web+Regular" postScript="" weightStyle="Regular" weight="400" isBold="False" isItalic="False"/>
        </cell>
        <cell rows="13,13" cols="3,3">
          <fontFamily>Titillium+Web</fontFamily>
          <fontWeight>Regular</fontWeight>
          <textStyles>[]</textStyles>
          <cellBorderVisible>True</cellBorderVisible>
          <editIndex>21</editIndex>
          <textHeight>12</textHeight>
          <font family="Titillium+Web" displayName="Titillium+Web+Regular" postScript="" weightStyle="Regular" weight="400" isBold="False" isItalic="False"/>
        </cell>
        <cell rows="13,13" cols="4,4">
          <fontFamily>Titillium+Web</fontFamily>
          <fontWeight>Regular</fontWeight>
          <textStyles>[]</textStyles>
          <cellBorderVisible>True</cellBorderVisible>
          <editIndex>21</editIndex>
          <textHeight>12</textHeight>
          <font family="Titillium+Web" displayName="Titillium+Web+Regular" postScript="" weightStyle="Regular" weight="400" isBold="False" isItalic="False"/>
        </cell>
        <cell rows="13,13" cols="5,5">
          <fontFamily>Titillium+Web</fontFamily>
          <fontWeight>Regular</fontWeight>
          <textStyles>[]</textStyles>
          <cellBorderVisible>True</cellBorderVisible>
          <editIndex>21</editIndex>
          <textHeight>12</textHeight>
          <font family="Titillium+Web" displayName="Titillium+Web+Regular" postScript="" weightStyle="Regular" weight="400" isBold="False" isItalic="False"/>
        </cell>
        <cell rows="14,14" cols="0,0">
          <fontFamily>Titillium+Web</fontFamily>
          <fontWeight>Regular</fontWeight>
          <textStyles>[]</textStyles>
          <cellBorderVisible>True</cellBorderVisible>
          <editIndex>21</editIndex>
          <textHeight>12</textHeight>
          <font family="Titillium+Web" displayName="Titillium+Web+Regular" postScript="" weightStyle="Regular" weight="400" isBold="False" isItalic="False"/>
        </cell>
        <cell rows="14,14" cols="1,1">
          <fontFamily>Titillium+Web</fontFamily>
          <fontWeight>Regular</fontWeight>
          <textStyles>[]</textStyles>
          <cellBorderVisible>True</cellBorderVisible>
          <editIndex>21</editIndex>
          <textHeight>12</textHeight>
          <font family="Titillium+Web" displayName="Titillium+Web+Regular" postScript="" weightStyle="Regular" weight="400" isBold="False" isItalic="False"/>
        </cell>
        <cell rows="14,14" cols="2,2">
          <fontFamily>Titillium+Web</fontFamily>
          <fontWeight>Regular</fontWeight>
          <textStyles>[]</textStyles>
          <cellBorderVisible>True</cellBorderVisible>
          <editIndex>21</editIndex>
          <textHeight>12</textHeight>
          <font family="Titillium+Web" displayName="Titillium+Web+Regular" postScript="" weightStyle="Regular" weight="400" isBold="False" isItalic="False"/>
        </cell>
        <cell rows="14,14" cols="3,3">
          <fontFamily>Titillium+Web</fontFamily>
          <fontWeight>Regular</fontWeight>
          <textStyles>[]</textStyles>
          <cellBorderVisible>True</cellBorderVisible>
          <editIndex>21</editIndex>
          <textHeight>12</textHeight>
          <font family="Titillium+Web" displayName="Titillium+Web+Regular" postScript="" weightStyle="Regular" weight="400" isBold="False" isItalic="False"/>
        </cell>
        <cell rows="14,14" cols="4,4">
          <fontFamily>Titillium+Web</fontFamily>
          <fontWeight>Regular</fontWeight>
          <textStyles>[]</textStyles>
          <cellBorderVisible>True</cellBorderVisible>
          <editIndex>21</editIndex>
          <textHeight>12</textHeight>
          <font family="Titillium+Web" displayName="Titillium+Web+Regular" postScript="" weightStyle="Regular" weight="400" isBold="False" isItalic="False"/>
        </cell>
        <cell rows="14,14" cols="5,5">
          <fontFamily>Titillium+Web</fontFamily>
          <fontWeight>Regular</fontWeight>
          <textStyles>[]</textStyles>
          <cellBorderVisible>True</cellBorderVisible>
          <editIndex>21</editIndex>
          <textHeight>12</textHeight>
          <font family="Titillium+Web" displayName="Titillium+Web+Regular" postScript="" weightStyle="Regular" weight="400" isBold="False" isItalic="False"/>
        </cell>
      </cells>
      <rows>
        <row height="85">
          <fontSize>20</fontSize>
          <fontFamily/>
          <fontWeight>Regular</fontWeight>
          <textStyles>[]</textStyles>
          <isAutoRowHeight>False</isAutoRowHeight>
        </row>
        <row height="85">
          <fontSize>20</fontSize>
          <fontFamily/>
          <fontWeight>Regular</fontWeight>
          <textStyles>[]</textStyles>
          <isAutoRowHeight>False</isAutoRowHeight>
        </row>
        <row height="85">
          <fontSize>20</fontSize>
          <fontFamily/>
          <fontWeight>Regular</fontWeight>
          <textStyles>[]</textStyles>
          <isAutoRowHeight>False</isAutoRowHeight>
        </row>
        <row height="85">
          <fontSize>20</fontSize>
          <fontFamily/>
          <fontWeight>Regular</fontWeight>
          <textStyles>[]</textStyles>
          <cellBorderVisible>True</cellBorderVisible>
          <editIndex>19</editIndex>
          <isAutoRowHeight>False</isAutoRowHeight>
        </row>
        <row height="85">
          <fontSize>20</fontSize>
          <fontFamily/>
          <fontWeight>Regular</fontWeight>
          <textStyles>[]</textStyles>
          <cellBorderVisible>True</cellBorderVisible>
          <editIndex>19</editIndex>
          <isAutoRowHeight>False</isAutoRowHeight>
        </row>
        <row height="85">
          <fontSize>20</fontSize>
          <fontFamily/>
          <fontWeight>Regular</fontWeight>
          <textStyles>[]</textStyles>
          <cellBorderVisible>True</cellBorderVisible>
          <editIndex>19</editIndex>
          <isAutoRowHeight>False</isAutoRowHeight>
        </row>
        <row height="85">
          <fontSize>20</fontSize>
          <fontFamily/>
          <fontWeight>Regular</fontWeight>
          <textStyles>[]</textStyles>
          <cellBorderVisible>True</cellBorderVisible>
          <editIndex>19</editIndex>
          <isAutoRowHeight>False</isAutoRowHeight>
        </row>
        <row height="85">
          <fontSize>20</fontSize>
          <fontFamily/>
          <fontWeight>Regular</fontWeight>
          <textStyles>[]</textStyles>
          <cellBorderVisible>True</cellBorderVisible>
          <editIndex>19</editIndex>
          <isAutoRowHeight>False</isAutoRowHeight>
        </row>
        <row height="85">
          <fontSize>20</fontSize>
          <fontFamily/>
          <fontWeight>Regular</fontWeight>
          <textStyles>[]</textStyles>
          <cellBorderVisible>True</cellBorderVisible>
          <editIndex>19</editIndex>
          <isAutoRowHeight>False</isAutoRowHeight>
        </row>
        <row height="85">
          <fontSize>20</fontSize>
          <fontFamily/>
          <fontWeight>Regular</fontWeight>
          <textStyles>[]</textStyles>
          <cellBorderVisible>True</cellBorderVisible>
          <editIndex>19</editIndex>
          <isAutoRowHeight>False</isAutoRowHeight>
        </row>
        <row height="85">
          <fontSize>20</fontSize>
          <fontFamily/>
          <fontWeight>Regular</fontWeight>
          <textStyles>[]</textStyles>
          <cellBorderVisible>True</cellBorderVisible>
          <editIndex>19</editIndex>
          <isAutoRowHeight>False</isAutoRowHeight>
        </row>
        <row height="85">
          <fontSize>20</fontSize>
          <fontFamily/>
          <fontWeight>Regular</fontWeight>
          <textStyles>[]</textStyles>
          <cellBorderVisible>True</cellBorderVisible>
          <editIndex>19</editIndex>
          <isAutoRowHeight>False</isAutoRowHeight>
        </row>
        <row height="85">
          <fontSize>20</fontSize>
          <fontFamily/>
          <fontWeight>Regular</fontWeight>
          <textStyles>[]</textStyles>
          <cellBorderVisible>True</cellBorderVisible>
          <editIndex>19</editIndex>
          <isAutoRowHeight>False</isAutoRowHeight>
        </row>
        <row height="85">
          <fontSize>20</fontSize>
          <fontFamily/>
          <fontWeight>Regular</fontWeight>
          <textStyles>[]</textStyles>
          <cellBorderVisible>True</cellBorderVisible>
          <editIndex>19</editIndex>
          <isAutoRowHeight>False</isAutoRowHeight>
        </row>
        <row height="85">
          <fontSize>20</fontSize>
          <fontFamily/>
          <fontWeight>Regular</fontWeight>
          <textStyles>[]</textStyles>
          <cellBorderVisible>True</cellBorderVisible>
          <editIndex>19</editIndex>
          <isAutoRowHeight>False</isAutoRowHeight>
        </row>
      </rows>
      <cols>
        <col width="252">
          <fontSize>20</fontSize>
          <fontFamily/>
          <fontWeight>Regular</fontWeight>
          <textStyles>[]</textStyles>
        </col>
        <col width="253">
          <fontSize>20</fontSize>
          <fontFamily/>
          <fontWeight>Regular</fontWeight>
          <textStyles>[]</textStyles>
        </col>
        <col width="255">
          <fontSize>20</fontSize>
          <fontFamily/>
          <fontWeight>Regular</fontWeight>
          <textStyles>[]</textStyles>
        </col>
        <col width="254">
          <fontSize>20</fontSize>
          <fontFamily/>
          <fontWeight>Regular</fontWeight>
          <textStyles>[]</textStyles>
        </col>
        <col width="255">
          <fontSize>20</fontSize>
          <fontFamily/>
          <fontWeight>Regular</fontWeight>
          <textStyles>[]</textStyles>
        </col>
        <col width="256">
          <fontSize>20</fontSize>
          <fontFamily/>
          <fontWeight>Regular</fontWeight>
          <textStyles>[]</textStyles>
        </col>
      </cols>
    </control>
    <control controlID="50FC8F5C-431C-47FC-B98B-C2FA168DBCF0" controlTypeID="Button" x="254" y="2312" w="1525" h="72" zOrder="17">
      <color>4279135388</color>
      <borderColor>4294967295</borderColor>
      <interactiveData>
        <entry title="">
          <area shape="0" alt="" ID="{7AECE34D-1848-4005-83EE-DC5A40BBB31F}" coords="(0,0,1525,72)"/>
          <events title="">
            <event eventType="atClick" isChecked="True">
              <behaviour title="" isChecked="True" isWait="False" isLoop="False" execMode="emParallel">
                <target targetID="EE3E4C32-AC3C-4F1C-8132-B3A8B456C08C" isChecked="True" isAutoRecovery="False" isLoop="False" execMode="emSequence">
                  <command name="Resize" isChecked="True" descrition="">
                    <param name="AniInterpolation" value="1" varType="3" description=""/>
                    <param name="AniDuration" value="200" varType="3" description=""/>
                    <param name="AniAutoReverse" value="False" varType="11" description=""/>
                    <param name="AniLoop" value="False" varType="11" description=""/>
                    <param name="AniInterpolationTypeOut" value="False" varType="11" description=""/>
                    <param name="Delay" value="0" varType="3" description=""/>
                    <param name="ValueFromCurrent" value="True" varType="11" description=""/>
                    <param name="ResizeDirection" value="0" varType="3" description=""/>
                    <param name="ValueMode" value="0" varType="3" description=""/>
                    <param name="FromWidth" value="0" varType="3" description=""/>
                    <param name="FromHeight" value="0" varType="3" description=""/>
                    <param name="ToWidth" value="0" varType="3" description=""/>
                    <param name="ToHeight" value="0" varType="3" description=""/>
                    <param name="ToX" value="0" varType="3" description=""/>
                    <param name="ToY" value="0" varType="3" description=""/>
                    <param name="TerminateLoopByClick" value="True" varType="11" description=""/>
                  </command>
                </target>
              </behaviour>
            </event>
          </events>
        </entry>
      </interactiveData>
      <font family="Titillium+Web" displayName="Titillium+Web+Regular" postScript="" weightStyle="Regular" weight="400" isBold="False" isItalic="False"/>
      <text>View+More+Transactions</text>
      <textColor>4294967295</textColor>
      <textSize>40</textSize>
      <lineSpacing>0</lineSpacing>
      <useDefaultTextSize>False</useDefaultTextSize>
      <selectedIndex>-1</selectedIndex>
      <radius>4</radius>
    </control>
    <control controlID="7C7AAAB0-D66B-4246-916C-8EE56A87767B" controlTypeID="Button" x="1544" y="870" w="235" h="69" zOrder="18">
      <color>4281571839</color>
      <borderColor>4294967295</borderColor>
      <font family="Titillium+Web" displayName="Titillium+Web+Regular" postScript="" weightStyle="Regular" weight="400" isBold="False" isItalic="False"/>
      <text>Search</text>
      <textColor>4294967295</textColor>
      <textSize>28</textSize>
      <lineSpacing>0</lineSpacing>
      <useDefaultTextSize>False</useDefaultTextSize>
      <selectedIndex>-1</selectedIndex>
      <radius>4</radius>
    </control>
    <control controlID="2794AC84-9656-4BF1-8125-195EA71C73A1" controlTypeID="CompositeComboBox" x="795" y="796" w="390" h="51" zOrder="19">
      <groupChildrenDescriptors>
        <control controlID="79125B41-2F6A-49EF-8CFC-111909CBC4A2" controlTypeID="TextInput" x="0" y="0" w="367" h="51" zOrder="0">
          <locked>True</locked>
          <canMove>False</canMove>
          <alias>input</alias>
          <font family="Titillium+Web" displayName="Titillium+Web+Regular" postScript="" weightStyle="Regular" weight="400" isBold="False" isItalic="False" useDefaultFontFamily="False"/>
          <text>All</text>
          <lineSpacing>0</lineSpacing>
          <selectedIndex>-1</selectedIndex>
        </control>
        <control controlID="7C3C8C17-FD83-4446-9C13-091178A057CE" controlTypeID="Button" x="366" y="0" w="24" h="51" zOrder="1">
          <locked>True</locked>
          <canMove>False</canMove>
          <alias>button</alias>
          <font family="Titillium+Web" displayName="Titillium+Web+Regular" postScript="" weightStyle="Regular" weight="400" isBold="False" isItalic="False"/>
          <lineSpacing>0</lineSpacing>
          <selectedIndex>-1</selectedIndex>
          <radius>0</radius>
        </control>
        <control controlID="176823B0-5793-46DA-B876-713F7BE9FC6F" controlTypeID="List" x="0" y="51" w="390" h="257" zOrder="2">
          <isShow>False</isShow>
          <canMove>False</canMove>
          <alias>dropDown</alias>
          <verticalScrollbarShow>True</verticalScrollbarShow>
          <font family="Titillium+Web" displayName="Titillium+Web+Regular" postScript="" weightStyle="Regular" weight="400" isBold="False" isItalic="False" useDefaultFontFamily="False"/>
          <text>All%0D%0AChecking+(Personal)%0D%0AChecking+(DBA)%0D%0ASavings%0D%0ACDs</text>
          <textSize>14</textSize>
          <lineSpacing>0</lineSpacing>
          <itemHeight>51</itemHeight>
          <interlaceColor>4294967295</interlaceColor>
        </control>
      </groupChildrenDescriptors>
      <baseHeight>51</baseHeight>
      <font family="Titillium+Web"/>
      <textSize>14</textSize>
    </control>
    <control controlID="6C6A6920-CE09-4125-B294-F7954154D129" controlTypeID="Label" x="926" y="764" w="128" h="28" zOrder="20">
      <caption>AVAILABLE+BALANCE</caption>
      <font family="Titillium+Web" displayName="Titillium+Web+Regular" postScript="" weightStyle="Regular" weight="400" isBold="False" isItalic="False"/>
      <text>Filter+By+Account</text>
      <textSize>18</textSize>
      <lineSpacing>0</lineSpacing>
      <useDefaultTextSize>False</useDefaultTextSize>
      <selectedIndex>-1</selectedIndex>
    </control>
    <control controlID="4B8AA460-5E70-4E08-9F72-F2E1DE1FB15E" controlTypeID="Panel" x="0" y="2595" w="1980" h="311" zOrder="21">
      <caption>Info+Panel</caption>
      <color>3647366758</color>
      <borderVisible>False</borderVisible>
      <groupChildrenDescriptors>
        <control controlID="FB5A2AFC-0D55-4166-B243-68B44458602D" controlTypeID="Border" x="0" y="0" w="1980" h="311" zOrder="0">
          <borderVisible>False</borderVisible>
          <alias>borderLayer</alias>
        </control>
      </groupChildrenDescriptors>
      <thinkness>1</thinkness>
    </control>
    <control controlID="FF0F4E75-2A5B-4343-B3FA-2E82CE065E49" controlTypeID="IconButton2" x="1684" y="2620" w="38" h="38" zOrder="22">
      <caption>IG</caption>
      <groupChildrenDescriptors>
        <control controlID="5190DF3C-DD21-479C-B96C-0902A494055A" controlTypeID="Shape" x="0" y="0" w="38" h="38" zOrder="0">
          <canMove>False</canMove>
          <alias>shape</alias>
          <font family="Titillium+Web" displayName="Titillium+Web+Regular" postScript="" weightStyle="Regular" weight="400" isBold="False" isItalic="False"/>
          <textSize>14</textSize>
          <selectedIndex>-1</selectedIndex>
          <shapeBorderType>SbEllipse</shapeBorderType>
        </control>
        <control controlID="A5A9FDE7-5375-464E-BE1F-EC9ED4131038" controlTypeID="Icon" x="7" y="7" w="24" h="24" zOrder="1">
          <canMove>False</canMove>
          <alias>icon</alias>
          <icon>
            <ID/>
            <iconFontName>jdIonicons</iconFontName>
            <iconCode>62289</iconCode>
          </icon>
          <URL>1125624F26FF3DC2C6BBE373652F6D4E.svg</URL>
        </control>
        <control controlID="3900867A-8B0F-48BB-B8C8-3E7E9E97E9E3" controlTypeID="Label" x="-1" y="-2" w="31" h="22" zOrder="2">
          <canMove>False</canMove>
          <alias>label</alias>
          <font family="Titillium+Web" displayName="Titillium+Web+Regular" postScript="" weightStyle="Regular" weight="400" isBold="False" isItalic="False"/>
          <text>Label</text>
          <textAlign>HaCenter</textAlign>
          <lineSpacing>0</lineSpacing>
          <selectedIndex>-1</selectedIndex>
        </control>
        <control controlID="B851EA8F-F5B8-4E46-9747-A1982E054CE5" controlTypeID="Shape" x="24" y="0" w="14" h="13" zOrder="3">
          <color>4294901760</color>
          <borderVisible>False</borderVisible>
          <canMove>False</canMove>
          <alias>alarm</alias>
          <font family="Titillium+Web" displayName="Titillium+Web+Regular" postScript="" weightStyle="Regular" weight="400" isBold="False" isItalic="False"/>
          <text>2</text>
          <textColor>4294967295</textColor>
          <textSize>8</textSize>
          <selectedIndex>-1</selectedIndex>
          <radius>100</radius>
          <radiusIsPercent>True</radiusIsPercent>
        </control>
      </groupChildrenDescriptors>
    </control>
    <control controlID="312F7A12-69FE-41B9-A0F1-E30B9975A9CD" controlTypeID="IconButton2" x="1732" y="2620" w="38" h="38" zOrder="23">
      <caption>TW</caption>
      <groupChildrenDescriptors>
        <control controlID="D651C315-2205-42FA-A3D1-9D07223F0CED" controlTypeID="Shape" x="0" y="0" w="38" h="38" zOrder="0">
          <canMove>False</canMove>
          <alias>shape</alias>
          <font family="Titillium+Web" displayName="Titillium+Web+Regular" postScript="" weightStyle="Regular" weight="400" isBold="False" isItalic="False"/>
          <textSize>14</textSize>
          <selectedIndex>-1</selectedIndex>
          <shapeBorderType>SbEllipse</shapeBorderType>
        </control>
        <control controlID="3B6B3E1B-BEA6-4A11-80D6-A3B52B92C5E0" controlTypeID="Icon" x="7" y="7" w="24" h="24" zOrder="1">
          <canMove>False</canMove>
          <alias>icon</alias>
          <icon>
            <ID/>
            <iconFontName>jdIonicons</iconFontName>
            <iconCode>62018</iconCode>
          </icon>
          <URL>F1FBFA57C1F0D615C8F4EC42B281654D.svg</URL>
        </control>
        <control controlID="C21BFC86-C326-47E1-8532-819F58946FE6" controlTypeID="Label" x="-1" y="-2" w="31" h="22" zOrder="2">
          <canMove>False</canMove>
          <alias>label</alias>
          <font family="Titillium+Web" displayName="Titillium+Web+Regular" postScript="" weightStyle="Regular" weight="400" isBold="False" isItalic="False"/>
          <text>Label</text>
          <textAlign>HaCenter</textAlign>
          <lineSpacing>0</lineSpacing>
          <selectedIndex>-1</selectedIndex>
        </control>
        <control controlID="FD7B349A-0457-4670-BB37-B01EED36E851" controlTypeID="Shape" x="24" y="0" w="14" h="13" zOrder="3">
          <color>4294901760</color>
          <borderVisible>False</borderVisible>
          <canMove>False</canMove>
          <alias>alarm</alias>
          <font family="Titillium+Web" displayName="Titillium+Web+Regular" postScript="" weightStyle="Regular" weight="400" isBold="False" isItalic="False"/>
          <text>2</text>
          <textColor>4294967295</textColor>
          <textSize>8</textSize>
          <selectedIndex>-1</selectedIndex>
          <radius>100</radius>
          <radiusIsPercent>True</radiusIsPercent>
        </control>
      </groupChildrenDescriptors>
    </control>
    <control controlID="9522B24B-D7BC-4ABF-AC78-7650C76CC361" controlTypeID="IconButton2" x="1778" y="2620" w="38" h="38" zOrder="24">
      <caption>FB</caption>
      <groupChildrenDescriptors>
        <control controlID="F527028E-2231-40B2-98D6-0FD29E7CFBB1" controlTypeID="Shape" x="0" y="0" w="38" h="38" zOrder="0">
          <canMove>False</canMove>
          <alias>shape</alias>
          <font family="Titillium+Web" displayName="Titillium+Web+Regular" postScript="" weightStyle="Regular" weight="400" isBold="False" isItalic="False"/>
          <textSize>14</textSize>
          <selectedIndex>-1</selectedIndex>
          <shapeBorderType>SbEllipse</shapeBorderType>
        </control>
        <control controlID="0D5EF18D-7EA9-4C36-8163-B81A4052E014" controlTypeID="Icon" x="7" y="7" w="24" h="24" zOrder="1">
          <canMove>False</canMove>
          <alias>icon</alias>
          <icon>
            <ID/>
            <iconFontName>jdIonicons</iconFontName>
            <iconCode>62001</iconCode>
          </icon>
          <URL>29F37D064345EFF092FDE43A909201C4.svg</URL>
        </control>
        <control controlID="A7EF4A28-22FA-4AAB-B9A0-0DDFECA6EDFF" controlTypeID="Label" x="-1" y="-2" w="31" h="22" zOrder="2">
          <canMove>False</canMove>
          <alias>label</alias>
          <font family="Titillium+Web" displayName="Titillium+Web+Regular" postScript="" weightStyle="Regular" weight="400" isBold="False" isItalic="False"/>
          <text>Label</text>
          <textAlign>HaCenter</textAlign>
          <lineSpacing>0</lineSpacing>
          <selectedIndex>-1</selectedIndex>
        </control>
        <control controlID="8B43AECE-9B92-4C35-9536-38229E6AA972" controlTypeID="Shape" x="24" y="0" w="14" h="13" zOrder="3">
          <color>4294901760</color>
          <borderVisible>False</borderVisible>
          <canMove>False</canMove>
          <alias>alarm</alias>
          <font family="Titillium+Web" displayName="Titillium+Web+Regular" postScript="" weightStyle="Regular" weight="400" isBold="False" isItalic="False"/>
          <text>2</text>
          <textColor>4294967295</textColor>
          <textSize>8</textSize>
          <selectedIndex>-1</selectedIndex>
          <radius>100</radius>
          <radiusIsPercent>True</radiusIsPercent>
        </control>
      </groupChildrenDescriptors>
    </control>
    <control controlID="62F98181-782C-42AB-84AF-8ADE4F23A2E2" controlTypeID="IconButton2" x="1826" y="2620" w="38" h="38" zOrder="25">
      <caption>In</caption>
      <groupChildrenDescriptors>
        <control controlID="6F9413BA-A85D-4227-9229-0EE56323667D" controlTypeID="Shape" x="0" y="0" w="38" h="38" zOrder="0">
          <canMove>False</canMove>
          <alias>shape</alias>
          <font family="Titillium+Web" displayName="Titillium+Web+Regular" postScript="" weightStyle="Regular" weight="400" isBold="False" isItalic="False"/>
          <textSize>14</textSize>
          <selectedIndex>-1</selectedIndex>
          <shapeBorderType>SbEllipse</shapeBorderType>
        </control>
        <control controlID="0D2D4D02-EDE0-4692-81B8-4BF85825FCFC" controlTypeID="Icon" x="7" y="7" w="24" h="24" zOrder="1">
          <canMove>False</canMove>
          <alias>icon</alias>
          <icon>
            <ID/>
            <iconFontName>jdFontAwesome</iconFontName>
            <iconCode>61665</iconCode>
          </icon>
          <URL>74B6E108F958848EA2B2DD7D6EC8692F.svg</URL>
        </control>
        <control controlID="B9B2A4C8-EF34-48A7-8F31-D0DD1B7BA211" controlTypeID="Label" x="-1" y="-2" w="31" h="22" zOrder="2">
          <canMove>False</canMove>
          <alias>label</alias>
          <font family="Titillium+Web" displayName="Titillium+Web+Regular" postScript="" weightStyle="Regular" weight="400" isBold="False" isItalic="False"/>
          <text>Label</text>
          <textAlign>HaCenter</textAlign>
          <lineSpacing>0</lineSpacing>
          <selectedIndex>-1</selectedIndex>
        </control>
        <control controlID="991FD2E0-45F4-4C5A-81B5-C63615811BE9" controlTypeID="Shape" x="24" y="0" w="14" h="13" zOrder="3">
          <color>4294901760</color>
          <borderVisible>False</borderVisible>
          <canMove>False</canMove>
          <alias>alarm</alias>
          <font family="Titillium+Web" displayName="Titillium+Web+Regular" postScript="" weightStyle="Regular" weight="400" isBold="False" isItalic="False"/>
          <text>2</text>
          <textColor>4294967295</textColor>
          <textSize>8</textSize>
          <selectedIndex>-1</selectedIndex>
          <radius>100</radius>
          <radiusIsPercent>True</radiusIsPercent>
        </control>
      </groupChildrenDescriptors>
    </control>
    <control controlID="7A6664A1-8781-41FC-B7B8-7F04818DA863" controlTypeID="IconButton2" x="1874" y="2620" w="38" h="38" zOrder="26">
      <caption>YT</caption>
      <groupChildrenDescriptors>
        <control controlID="785CE455-3011-49AD-B69A-22809050EBF2" controlTypeID="Shape" x="0" y="0" w="38" h="38" zOrder="0">
          <canMove>False</canMove>
          <alias>shape</alias>
          <font family="Titillium+Web" displayName="Titillium+Web+Regular" postScript="" weightStyle="Regular" weight="400" isBold="False" isItalic="False"/>
          <textSize>14</textSize>
          <selectedIndex>-1</selectedIndex>
          <shapeBorderType>SbEllipse</shapeBorderType>
        </control>
        <control controlID="57AD5F14-1E13-4B16-88D3-F8FB6CA3994E" controlTypeID="Icon" x="7" y="7" w="24" h="24" zOrder="1">
          <canMove>False</canMove>
          <alias>icon</alias>
          <icon>
            <ID/>
            <iconFontName>jdIonicons</iconFontName>
            <iconCode>62028</iconCode>
          </icon>
          <URL>FE1032043403F880231675C8126B6ED2.svg</URL>
        </control>
        <control controlID="1EF99BBC-CC5D-4D5E-AE69-763412E2428F" controlTypeID="Label" x="-1" y="-2" w="31" h="22" zOrder="2">
          <canMove>False</canMove>
          <alias>label</alias>
          <font family="Titillium+Web" displayName="Titillium+Web+Regular" postScript="" weightStyle="Regular" weight="400" isBold="False" isItalic="False"/>
          <text>Label</text>
          <textAlign>HaCenter</textAlign>
          <lineSpacing>0</lineSpacing>
          <selectedIndex>-1</selectedIndex>
        </control>
        <control controlID="1342013C-3E7C-4379-9116-3F340D9E0A37" controlTypeID="Shape" x="24" y="0" w="14" h="13" zOrder="3">
          <color>4294901760</color>
          <borderVisible>False</borderVisible>
          <canMove>False</canMove>
          <alias>alarm</alias>
          <font family="Titillium+Web" displayName="Titillium+Web+Regular" postScript="" weightStyle="Regular" weight="400" isBold="False" isItalic="False"/>
          <text>2</text>
          <textColor>4294967295</textColor>
          <textSize>8</textSize>
          <selectedIndex>-1</selectedIndex>
          <radius>100</radius>
          <radiusIsPercent>True</radiusIsPercent>
        </control>
      </groupChildrenDescriptors>
    </control>
    <control controlID="9A2D991A-A457-4B73-A895-DAA45280E9F4" controlTypeID="Panel" x="0" y="2906" w="1980" h="94" zOrder="27">
      <caption>Footer</caption>
      <color>1248224870</color>
      <borderColor>4281571839</borderColor>
      <borderVisible>False</borderVisible>
      <groupChildrenDescriptors>
        <control controlID="169D4555-C63B-416F-8D97-CE7A463FC159" controlTypeID="Border" x="0" y="0" w="1980" h="94" zOrder="0">
          <borderColor>4281571839</borderColor>
          <borderVisible>False</borderVisible>
          <alias>borderLayer</alias>
        </control>
      </groupChildrenDescriptors>
      <thinkness>1</thinkness>
    </control>
    <control controlID="A51F51E2-EB9C-4004-963A-6D758F2E2B4F" controlTypeID="Icon" x="33" y="2946" w="13" h="13" zOrder="28">
      <caption>Copyright+Icon</caption>
      <color>4278190080</color>
      <icon>
        <ID/>
        <iconFontName>jdFontAwesome</iconFontName>
        <iconCode>61945</iconCode>
      </icon>
      <URL>A71E98588E066F88C73CF2B4E3CFBB82.svg</URL>
    </control>
    <control controlID="457AD8BF-043E-4A55-9D27-AA9A1F772A7E" controlTypeID="Label" x="46" y="2941" w="99" h="22" zOrder="29">
      <caption>Copyright+Label</caption>
      <color>16777215</color>
      <font family="Titillium+Web" displayName="Titillium+Web+Regular" postScript="" weightStyle="Regular" weight="400" isBold="False" isItalic="False"/>
      <text>2021+Merit+Bank</text>
      <lineSpacing>0</lineSpacing>
      <selectedIndex>-1</selectedIndex>
    </control>
    <control controlID="48C5412F-54A4-4D5D-ADD4-1208CECCF7CF" controlTypeID="Label" x="30" y="2673" w="114" h="37" zOrder="30">
      <font family="Titillium+Web" displayName="Titillium+Web_%26_Bold" postScript="" weightStyle="Bold" weight="700" isBold="True" isItalic="False"/>
      <text>PRODUCTS</text>
      <textColor>4294967295</textColor>
      <textSize>24</textSize>
      <lineSpacing>0</lineSpacing>
      <textStyles>[fsBold]</textStyles>
      <useDefaultTextSize>False</useDefaultTextSize>
      <selectedIndex>-1</selectedIndex>
    </control>
    <control controlID="0895EFD5-72A6-4F92-9918-2056A6E20220" controlTypeID="Label" x="317" y="2672" w="181" h="37" zOrder="31">
      <font family="Titillium+Web" displayName="Titillium+Web_%26_Bold" postScript="" weightStyle="Bold" weight="700" isBold="True" isItalic="False"/>
      <text>GET+TO+KNOW+US</text>
      <textColor>4294967295</textColor>
      <textSize>24</textSize>
      <lineSpacing>0</lineSpacing>
      <textStyles>[fsBold]</textStyles>
      <useDefaultTextSize>False</useDefaultTextSize>
      <selectedIndex>-1</selectedIndex>
    </control>
    <control controlID="35EAA050-8FFA-40AB-9519-2B780FDF8AE9" controlTypeID="Label" x="630" y="2672" w="46" h="37" zOrder="32">
      <font family="Titillium+Web" displayName="Titillium+Web_%26_Bold" postScript="" weightStyle="Bold" weight="700" isBold="True" isItalic="False"/>
      <text>ATM</text>
      <textColor>4294967295</textColor>
      <textSize>24</textSize>
      <lineSpacing>0</lineSpacing>
      <textStyles>[fsBold]</textStyles>
      <useDefaultTextSize>False</useDefaultTextSize>
      <selectedIndex>-1</selectedIndex>
    </control>
    <control controlID="D4AD4685-A258-449E-AEF1-98696A17F5A7" controlTypeID="Label" x="818" y="2672" w="65" h="37" zOrder="33">
      <font family="Titillium+Web" displayName="Titillium+Web_%26_Bold" postScript="" weightStyle="Bold" weight="700" isBold="True" isItalic="False"/>
      <text>LEGAL</text>
      <textColor>4294967295</textColor>
      <textSize>24</textSize>
      <lineSpacing>0</lineSpacing>
      <textStyles>[fsBold]</textStyles>
      <useDefaultTextSize>False</useDefaultTextSize>
      <selectedIndex>-1</selectedIndex>
    </control>
    <control controlID="8B6B2AE4-078A-48C9-B9D3-0DB97D8CF1C0" controlTypeID="Label" x="1024" y="2673" w="100" h="37" zOrder="34">
      <font family="Titillium+Web" displayName="Titillium+Web_%26_Bold" postScript="" weightStyle="Bold" weight="700" isBold="True" isItalic="False"/>
      <text>SUPPORT</text>
      <textColor>4294967295</textColor>
      <textSize>24</textSize>
      <lineSpacing>0</lineSpacing>
      <textStyles>[fsBold]</textStyles>
      <useDefaultTextSize>False</useDefaultTextSize>
      <selectedIndex>-1</selectedIndex>
    </control>
    <control controlID="C27ED8AE-1714-4BCE-AD77-BAAF99D6CA64" controlTypeID="Image" x="20" y="2608" w="75" h="80" zOrder="35">
      <URL>96723FFC2048BE38DB53951FBF5220C8.png</URL>
    </control>
    <control controlID="1F28B9BB-DB30-4EBD-BE7D-3F9534044125" controlTypeID="Link" x="30" y="2720" w="141" h="25" zOrder="36">
      <font family="Titillium+Web" displayName="Titillium+Web+Regular" postScript="" weightStyle="Regular" weight="400" isBold="False" isItalic="False"/>
      <text>Certificate+of+Deposit</text>
      <textColor>4294967295</textColor>
      <textSize>16</textSize>
      <lineSpacing>0</lineSpacing>
      <textStyles>[]</textStyles>
      <useDefaultTextSize>False</useDefaultTextSize>
      <selectedIndex>-1</selectedIndex>
    </control>
    <control controlID="F9F160DE-F032-4DE5-A00D-C3A72F0229B8" controlTypeID="Link" x="30" y="2745" w="88" h="25" zOrder="37">
      <font family="Titillium+Web" displayName="Titillium+Web+Regular" postScript="" weightStyle="Regular" weight="400" isBold="False" isItalic="False"/>
      <text>IRA+Accounts</text>
      <textColor>4294967295</textColor>
      <textSize>16</textSize>
      <lineSpacing>0</lineSpacing>
      <textStyles>[]</textStyles>
      <useDefaultTextSize>False</useDefaultTextSize>
      <selectedIndex>-1</selectedIndex>
    </control>
    <control controlID="BE14FDDD-CFF5-402F-BD4D-C3974F53DFB8" controlTypeID="Link" x="317" y="2720" w="62" h="25" zOrder="38">
      <font family="Titillium+Web" displayName="Titillium+Web+Regular" postScript="" weightStyle="Regular" weight="400" isBold="False" isItalic="False"/>
      <text>About+Us</text>
      <textColor>4294967295</textColor>
      <textSize>16</textSize>
      <lineSpacing>0</lineSpacing>
      <textStyles>[]</textStyles>
      <useDefaultTextSize>False</useDefaultTextSize>
      <selectedIndex>-1</selectedIndex>
    </control>
    <control controlID="88045E3A-00F6-4449-B732-21787B0B26F2" controlTypeID="Link" x="630" y="2720" w="99" h="25" zOrder="39">
      <font family="Titillium+Web" displayName="Titillium+Web+Regular" postScript="" weightStyle="Regular" weight="400" isBold="False" isItalic="False"/>
      <text>ATM+Locations</text>
      <textColor>4294967295</textColor>
      <textSize>16</textSize>
      <lineSpacing>0</lineSpacing>
      <textStyles>[]</textStyles>
      <useDefaultTextSize>False</useDefaultTextSize>
      <selectedIndex>-1</selectedIndex>
    </control>
    <control controlID="AC013C61-5291-4911-A850-7C4A37A39CA6" controlTypeID="Link" x="818" y="2720" w="49" h="25" zOrder="40">
      <font family="Titillium+Web" displayName="Titillium+Web+Regular" postScript="" weightStyle="Regular" weight="400" isBold="False" isItalic="False"/>
      <text>Privacy</text>
      <textColor>4294967295</textColor>
      <textSize>16</textSize>
      <lineSpacing>0</lineSpacing>
      <textStyles>[]</textStyles>
      <useDefaultTextSize>False</useDefaultTextSize>
      <selectedIndex>-1</selectedIndex>
    </control>
    <control controlID="945602A6-AC32-4D33-AE0E-BE58FE976224" controlTypeID="Link" x="1024" y="2720" w="73" h="25" zOrder="41">
      <font family="Titillium+Web" displayName="Titillium+Web+Regular" postScript="" weightStyle="Regular" weight="400" isBold="False" isItalic="False"/>
      <text>Contact+Us</text>
      <textColor>4294967295</textColor>
      <textSize>16</textSize>
      <lineSpacing>0</lineSpacing>
      <textStyles>[]</textStyles>
      <useDefaultTextSize>False</useDefaultTextSize>
      <selectedIndex>-1</selectedIndex>
    </control>
    <control controlID="680CA035-C525-4646-9B60-478676A510C0" controlTypeID="Image" x="1768" y="2924" w="75" h="55" zOrder="42">
      <URL>B8427336EE8A9EA8D89AF315F9BDD076.png</URL>
    </control>
  </controls>
  <param>
    <backgroundColor>4294967295</backgroundColor>
    <fontSize>14</fontSize>
    <fontFamily>Titillium+Web</fontFamily>
    <guideLines/>
  </param>
</mockup>