﻿<mockup version="5.3" minAllowVersion="5.3" ID="A97533B4-FA0D-4285-93C0-D8034FBBC965" platform="MtWeb" defaultW="1980" defaultH="1900" measureW="1980" measureH="1900" mobileScreenScale="0">
  <controls controlCount="70">
    <control controlID="EAB8C824-9A1C-4EC8-BF3F-7DD52C192B79" controlTypeID="Shape" x="0" y="121" w="1980" h="341" zOrder="0">
      <caption>Welcome</caption>
      <locked>True</locked>
      <color>4280300352</color>
      <font family="Titillium+Web" displayName="Titillium+Web+Regular" postScript="" weightStyle="Regular" weight="400" isBold="False" isItalic="False"/>
      <textSize>14</textSize>
      <selectedIndex>-1</selectedIndex>
    </control>
    <control controlID="E2DD371C-BBF7-46D5-9DE5-58588F8953AC" controlTypeID="Tabs" x="646" y="32" w="688" h="43" zOrder="1">
      <borderVisible>False</borderVisible>
      <links eventType="AtClick" animate="AmNone" animateAutoDelay="0" animateDuration="500">
        <link targetPageID="D2DDBCA1-0CB9-427B-8636-8F6020961B82" linkType="ltPageLink" isApplyIncludePage="False" title="Home">
          <area shape="0" alt="" ID="{06E38E06-7068-4746-9762-F5D45366AA0F}" coords="(0,0,136.600006103516,43)"/>
        </link>
        <link targetPageID="F13FBF6C-CF18-42B4-80F0-BF9E6CA4C5A8" linkType="ltPageLink" isApplyIncludePage="False" title="Checking+%26+Savings">
          <area shape="0" alt="" ID="{A6842318-5839-4224-B850-921AC5B97DE1}" coords="(137.600006103516,0,274.200012207031,43)"/>
        </link>
        <link targetPageID="F13FBF6C-CF18-42B4-80F0-BF9E6CA4C5A8" linkType="ltPageLink" isApplyIncludePage="False" title="CD">
          <area shape="0" alt="" ID="{53F59057-32A4-482A-8C49-55385A2C9CF8}" coords="(275.200012207031,0,411.800018310547,43)"/>
        </link>
        <link targetPageID="61150120-D02D-4CBA-A86E-8C6F8F939C9F" linkType="ltPageLink" isApplyIncludePage="False" title="IRA">
          <area shape="0" alt="" ID="{BAD13E8C-9A7E-43E9-BCBB-3641C74F9601}" coords="(412.800018310547,0,549.400024414063,43)"/>
        </link>
        <link targetPageID="FC43F737-24FF-4264-B96A-0696023DBAA0" linkType="ltPageLink" isApplyIncludePage="False" title="About+Us">
          <area shape="0" alt="" ID="{F02F7F3E-BDBE-4D29-BB47-C7B9BF60E811}" coords="(550.400024414063,0,687,43)"/>
        </link>
      </links>
      <font family="Segoe+UI" displayName="Segoe+UI" postScript="" weightStyle="Regular" weight="400" isBold="False" isItalic="False" useDefaultFontFamily="False"/>
      <text>Home%2CChecking+%26+Savings%2CCD%2CIRA%2CAbout+Us</text>
      <textColor>4288256409</textColor>
      <textSize>14</textSize>
      <lineSpacing>0</lineSpacing>
      <selectedColor>4281571839</selectedColor>
      <indicatorPercentWidth>50</indicatorPercentWidth>
      <dividerPercentHeight>0</dividerPercentHeight>
    </control>
    <control controlID="B86340E2-8C03-4977-8FAB-5DCFE591B420" controlTypeID="Image" x="20" y="14" w="470" h="95" zOrder="2">
      <caption>MertiBank+Logo</caption>
      <URL>786FCE6C0F81FF13A1ED1534018F7459.jpeg</URL>
    </control>
    <control controlID="D17211F3-7C29-4372-988F-43A0DEF23936" controlTypeID="Tab" x="24" y="606" w="828" h="862" zOrder="3">
      <borderColor>4293190884</borderColor>
      <font family="Titillium+Web" displayName="Titillium+Web+Regular" postScript="" weightStyle="Regular" weight="400" isBold="False" isItalic="False" useDefaultFontFamily="False"/>
      <text>Balance%2C+Balance+Over+Time</text>
      <textSize>24</textSize>
      <lineSpacing>0</lineSpacing>
      <useDefaultTextSize>False</useDefaultTextSize>
      <tabHeight>50</tabHeight>
      <tabWidth>200</tabWidth>
    </control>
    <control controlID="E36E6278-DC64-477E-B5E7-E755E1BE3E6A" controlTypeID="Tab" x="880" y="606" w="722" h="862" zOrder="4">
      <borderColor>4293190884</borderColor>
      <font family="Titillium+Web" displayName="Titillium+Web+Regular" postScript="" weightStyle="Regular" weight="400" isBold="False" isItalic="False" useDefaultFontFamily="False"/>
      <text>Allocations%2C+Performance</text>
      <textSize>24</textSize>
      <lineSpacing>0</lineSpacing>
      <useDefaultTextSize>False</useDefaultTextSize>
      <tabHeight>50</tabHeight>
      <tabWidth>200</tabWidth>
    </control>
    <control controlID="7883D41B-2FF0-4D31-8833-7B1DBF5930B4" controlTypeID="PieChartEx" x="924" y="747" w="190" h="190" zOrder="5">
      <interactiveData>
        <entry title="">
          <area shape="0" alt="" ID="{D85F506B-C911-462B-B379-9344E9CA883B}" coords="(0,0,190,190)"/>
          <events title="">
            <event eventType="atClick" isChecked="True">
              <behaviour title="" isChecked="True" isWait="False" isLoop="False" execMode="emParallel">
                <target targetID="8B550759-FAAC-4667-90E0-4CD906068D2D" isChecked="True" isAutoRecovery="False" isLoop="False" execMode="emSequence">
                  <command name="Change Visibility" isChecked="True" descrition="">
                    <param name="AniInterpolation" value="1" varType="3" description=""/>
                    <param name="AniDuration" value="200" varType="3" description=""/>
                    <param name="AniAutoReverse" value="False" varType="11" description=""/>
                    <param name="AniLoop" value="False" varType="11" description=""/>
                    <param name="AniInterpolationTypeOut" value="False" varType="11" description=""/>
                    <param name="Delay" value="0" varType="3" description=""/>
                    <param name="ValueFromCurrent" value="True" varType="11" description=""/>
                    <param name="ForceFromInitValue" value="False" varType="11" description=""/>
                    <param name="ForceSetVisible" value="False" varType="11" description=""/>
                    <param name="Value" value="2" varType="3" description=""/>
                    <param name="TerminateLoopByClick" value="True" varType="11" description=""/>
                  </command>
                </target>
                <target targetID="9A639FBA-66FB-478B-B557-1A1F3878C4A1" isChecked="True" isAutoRecovery="False" isLoop="False" execMode="emSequence">
                  <command name="Change Visibility" isChecked="True" descrition="">
                    <param name="AniInterpolation" value="1" varType="3" description=""/>
                    <param name="AniDuration" value="200" varType="3" description=""/>
                    <param name="AniAutoReverse" value="False" varType="11" description=""/>
                    <param name="AniLoop" value="False" varType="11" description=""/>
                    <param name="AniInterpolationTypeOut" value="False" varType="11" description=""/>
                    <param name="Delay" value="0" varType="3" description=""/>
                    <param name="ValueFromCurrent" value="True" varType="11" description=""/>
                    <param name="ForceFromInitValue" value="False" varType="11" description=""/>
                    <param name="ForceSetVisible" value="False" varType="11" description=""/>
                    <param name="Value" value="2" varType="3" description=""/>
                    <param name="TerminateLoopByClick" value="True" varType="11" description=""/>
                  </command>
                </target>
              </behaviour>
            </event>
          </events>
        </entry>
      </interactiveData>
      <font family="Titillium+Web" displayName="Titillium+Web+Regular" postScript="" weightStyle="Regular" weight="400" isBold="False" isItalic="False"/>
      <text>25%2Corange%0D%0A5%2Ccyan%0D%0A30%2Cpink%0D%0A40%2C%23FFCE55</text>
      <textSize>14</textSize>
      <lineSpacing>0</lineSpacing>
    </control>
    <control controlID="8B550759-FAAC-4667-90E0-4CD906068D2D" controlTypeID="ToolTip" x="1003" y="937" w="484" h="387" zOrder="6">
      <borderColor>4279135388</borderColor>
      <font family="Titillium+Web" displayName="Titillium+Web+Regular" postScript="" weightStyle="Regular" weight="400" isBold="False" isItalic="False"/>
      <text>Tooltip</text>
      <textSize>14</textSize>
      <lineSpacing>0</lineSpacing>
      <selectedIndex>-1</selectedIndex>
      <tipCornerDirection>AdLeftTop</tipCornerDirection>
    </control>
    <control controlID="9A639FBA-66FB-478B-B557-1A1F3878C4A1" controlTypeID="Table" x="1123" y="1029" w="340" h="264" zOrder="7">
      <borderVisible>False</borderVisible>
      <font family="Titillium+Web" displayName="Titillium+Web+Regular" postScript="" weightStyle="Regular" weight="400" isBold="False" isItalic="False"/>
      <text>Stocks%0930.00+%25%09Bonds%0940.00+%25%09Short-term%0925.00+%25%09Other%095.00+%25</text>
      <textSize>14</textSize>
      <textAlign>HaCenter</textAlign>
      <lineSpacing>0</lineSpacing>
      <useDefaultTextSize>False</useDefaultTextSize>
      <thickness>1</thickness>
      <dashMode>SdSolid</dashMode>
      <tableStyle>tsHiddenColLine</tableStyle>
      <fontSize>20</fontSize>
      <fontFamily/>
      <fontWeight>Regular</fontWeight>
      <textStyles>[]</textStyles>
      <cellBorderVisible>False</cellBorderVisible>
      <cellBorderColor>4280300352</cellBorderColor>
      <editIndex>0</editIndex>
      <cells>
        <cell rows="0,0" cols="0,0">
          <fontSize>20</fontSize>
          <textHAlign>HaLeft</textHAlign>
          <fontFamily>Segoe+UI</fontFamily>
          <fontWeight>Regular</fontWeight>
          <textStyles>[]</textStyles>
          <cellBorderVisible>True</cellBorderVisible>
          <cellBorderColor>4280300352</cellBorderColor>
          <editIndex>40</editIndex>
          <text>Stocks</text>
          <textHeight>39</textHeight>
          <font family="Segoe+UI" displayName="Segoe+UI" postScript="" weightStyle="Regular" weight="400" isBold="False" isItalic="False"/>
        </cell>
        <cell rows="0,0" cols="1,1">
          <fontSize>20</fontSize>
          <fontFamily>Segoe+UI</fontFamily>
          <fontWeight>Regular</fontWeight>
          <textStyles>[]</textStyles>
          <cellBorderVisible>True</cellBorderVisible>
          <cellBorderColor>4280300352</cellBorderColor>
          <editIndex>40</editIndex>
          <text>30.00+%25</text>
          <textHeight>39</textHeight>
          <font family="Segoe+UI" displayName="Segoe+UI" postScript="" weightStyle="Regular" weight="400" isBold="False" isItalic="False"/>
        </cell>
        <cell rows="1,1" cols="0,0">
          <fontSize>20</fontSize>
          <textHAlign>HaLeft</textHAlign>
          <fontFamily>Segoe+UI</fontFamily>
          <fontWeight>Regular</fontWeight>
          <textStyles>[]</textStyles>
          <cellBorderVisible>True</cellBorderVisible>
          <cellBorderColor>4280300352</cellBorderColor>
          <editIndex>37</editIndex>
          <text>Bonds</text>
          <textHeight>39</textHeight>
          <font family="Segoe+UI" displayName="Segoe+UI" postScript="" weightStyle="Regular" weight="400" isBold="False" isItalic="False"/>
        </cell>
        <cell rows="1,1" cols="1,1">
          <fontSize>20</fontSize>
          <fontFamily>Segoe+UI</fontFamily>
          <fontWeight>Regular</fontWeight>
          <textStyles>[]</textStyles>
          <cellBorderVisible>True</cellBorderVisible>
          <cellBorderColor>4280300352</cellBorderColor>
          <editIndex>37</editIndex>
          <text>40.00+%25</text>
          <textHeight>39</textHeight>
          <font family="Segoe+UI" displayName="Segoe+UI" postScript="" weightStyle="Regular" weight="400" isBold="False" isItalic="False"/>
        </cell>
        <cell rows="2,2" cols="0,0">
          <fontSize>20</fontSize>
          <textHAlign>HaLeft</textHAlign>
          <fontFamily>Segoe+UI</fontFamily>
          <fontWeight>Regular</fontWeight>
          <textStyles>[]</textStyles>
          <cellBorderVisible>True</cellBorderVisible>
          <cellBorderColor>4280300352</cellBorderColor>
          <editIndex>37</editIndex>
          <text>Short-term</text>
          <textHeight>39</textHeight>
          <font family="Segoe+UI" displayName="Segoe+UI" postScript="" weightStyle="Regular" weight="400" isBold="False" isItalic="False"/>
        </cell>
        <cell rows="2,2" cols="1,1">
          <fontSize>20</fontSize>
          <fontFamily>Segoe+UI</fontFamily>
          <fontWeight>Regular</fontWeight>
          <textStyles>[]</textStyles>
          <cellBorderVisible>True</cellBorderVisible>
          <cellBorderColor>4280300352</cellBorderColor>
          <editIndex>37</editIndex>
          <text>25.00+%25</text>
          <textHeight>39</textHeight>
          <font family="Segoe+UI" displayName="Segoe+UI" postScript="" weightStyle="Regular" weight="400" isBold="False" isItalic="False"/>
        </cell>
        <cell rows="3,3" cols="0,0">
          <fontSize>20</fontSize>
          <textHAlign>HaLeft</textHAlign>
          <fontFamily>Segoe+UI</fontFamily>
          <fontWeight>Regular</fontWeight>
          <textStyles>[]</textStyles>
          <cellBorderVisible>False</cellBorderVisible>
          <cellBorderColor>4280300352</cellBorderColor>
          <editIndex>37</editIndex>
          <text>Other</text>
          <textHeight>39</textHeight>
          <font family="Segoe+UI" displayName="Segoe+UI" postScript="" weightStyle="Regular" weight="400" isBold="False" isItalic="False"/>
        </cell>
        <cell rows="3,3" cols="1,1">
          <fontSize>20</fontSize>
          <fontFamily>Segoe+UI</fontFamily>
          <fontWeight>Regular</fontWeight>
          <textStyles>[]</textStyles>
          <cellBorderVisible>False</cellBorderVisible>
          <cellBorderColor>4280300352</cellBorderColor>
          <editIndex>37</editIndex>
          <text>5.00+%25</text>
          <textHeight>39</textHeight>
          <font family="Segoe+UI" displayName="Segoe+UI" postScript="" weightStyle="Regular" weight="400" isBold="False" isItalic="False"/>
        </cell>
      </cells>
      <rows>
        <row height="66">
          <fontSize>20</fontSize>
          <fontFamily/>
          <fontWeight>Regular</fontWeight>
          <textStyles>[]</textStyles>
          <cellBorderVisible>True</cellBorderVisible>
          <cellBorderColor>4280300352</cellBorderColor>
          <editIndex>38</editIndex>
          <isAutoRowHeight>False</isAutoRowHeight>
        </row>
        <row height="66">
          <fontSize>20</fontSize>
          <fontFamily/>
          <fontWeight>Regular</fontWeight>
          <textStyles>[]</textStyles>
          <cellBorderVisible>True</cellBorderVisible>
          <cellBorderColor>4280300352</cellBorderColor>
          <editIndex>35</editIndex>
          <isAutoRowHeight>False</isAutoRowHeight>
        </row>
        <row height="66">
          <fontSize>20</fontSize>
          <fontFamily/>
          <fontWeight>Regular</fontWeight>
          <textStyles>[]</textStyles>
          <cellBorderVisible>True</cellBorderVisible>
          <cellBorderColor>4280300352</cellBorderColor>
          <editIndex>35</editIndex>
          <isAutoRowHeight>False</isAutoRowHeight>
        </row>
        <row height="66">
          <fontSize>20</fontSize>
          <fontFamily/>
          <fontWeight>Regular</fontWeight>
          <textStyles>[]</textStyles>
          <cellBorderVisible>False</cellBorderVisible>
          <cellBorderColor>4280300352</cellBorderColor>
          <editIndex>35</editIndex>
          <isAutoRowHeight>False</isAutoRowHeight>
        </row>
      </rows>
      <cols>
        <col width="228">
          <fontSize>20</fontSize>
          <textHAlign>HaLeft</textHAlign>
          <fontFamily/>
          <fontWeight>Regular</fontWeight>
          <textStyles>[]</textStyles>
          <cellBorderVisible>False</cellBorderVisible>
          <cellBorderColor>4280300352</cellBorderColor>
          <editIndex>36</editIndex>
        </col>
        <col width="112">
          <fontSize>20</fontSize>
          <fontFamily/>
          <fontWeight>Regular</fontWeight>
          <textStyles>[]</textStyles>
          <cellBorderVisible>False</cellBorderVisible>
          <cellBorderColor>4280300352</cellBorderColor>
          <editIndex>36</editIndex>
        </col>
      </cols>
    </control>
    <control controlID="B6FEEFC2-33EB-43EA-8E83-A2FEFF3975BD" controlTypeID="Label" x="1336" y="976" w="63" h="31" zOrder="8">
      <font family="Titillium+Web" displayName="Titillium+Web+Regular" postScript="" weightStyle="Regular" weight="400" isBold="False" isItalic="False"/>
      <text>Current</text>
      <textSize>20</textSize>
      <lineSpacing>0</lineSpacing>
      <useDefaultTextSize>False</useDefaultTextSize>
      <selectedIndex>-1</selectedIndex>
    </control>
    <control controlID="6BE8B62B-32E4-4EDC-8B38-FC4A8C5AC2E9" controlTypeID="Icon" x="1075" y="1052" w="26" h="26" zOrder="9">
      <color>4293691327</color>
      <icon>
        <ID/>
        <iconFontName>jdiconfontA</iconFontName>
        <iconCode>59655</iconCode>
      </icon>
      <URL>0F87C7EA51A0A63DCD670E0DC83BF8BC.svg</URL>
    </control>
    <control controlID="512E0B8B-3F4D-4549-869C-E641CDF698E3" controlTypeID="Icon" x="1075" y="1118" w="26" h="26" zOrder="10">
      <color>4294954581</color>
      <icon>
        <ID/>
        <iconFontName>jdiconfontA</iconFontName>
        <iconCode>59655</iconCode>
      </icon>
      <URL>0F87C7EA51A0A63DCD670E0DC83BF8BC.svg</URL>
    </control>
    <control controlID="4DDC963A-7B35-4D41-8C53-9EB3BBC5DA3B" controlTypeID="Icon" x="1075" y="1182" w="26" h="26" zOrder="11">
      <color>4294741330</color>
      <icon>
        <ID/>
        <iconFontName>jdiconfontA</iconFontName>
        <iconCode>59655</iconCode>
      </icon>
      <URL>0F87C7EA51A0A63DCD670E0DC83BF8BC.svg</URL>
    </control>
    <control controlID="B96511E8-8BF6-4616-AB78-2F5B6DD07E6D" controlTypeID="Icon" x="1075" y="1251" w="26" h="26" zOrder="12">
      <color>4282961838</color>
      <icon>
        <ID/>
        <iconFontName>jdiconfontA</iconFontName>
        <iconCode>59655</iconCode>
      </icon>
      <URL>0F87C7EA51A0A63DCD670E0DC83BF8BC.svg</URL>
    </control>
    <control controlID="EB83FE8C-118F-4E03-8FBA-3387BAD1DF53" controlTypeID="CompositeComboBox" x="717" y="514" w="278" h="56" zOrder="13">
      <groupChildrenDescriptors>
        <control controlID="9A6E971A-FC04-433E-877B-0EA4493B049A" controlTypeID="TextInput" x="0" y="0" w="255" h="56" zOrder="0">
          <locked>True</locked>
          <canMove>False</canMove>
          <alias>input</alias>
          <font family="Segoe+UI" displayName="Segoe+UI" postScript="" weightStyle="Regular" weight="400" isBold="False" isItalic="False" useDefaultFontFamily="False"/>
          <text>All</text>
          <textSize>24</textSize>
          <lineSpacing>0</lineSpacing>
          <selectedIndex>-1</selectedIndex>
        </control>
        <control controlID="EC87897E-C5B0-4845-B7FD-2BA14734A9F8" controlTypeID="Button" x="254" y="0" w="24" h="56" zOrder="1">
          <locked>True</locked>
          <canMove>False</canMove>
          <alias>button</alias>
          <font family="Titillium+Web" displayName="Titillium+Web+Regular" postScript="" weightStyle="Regular" weight="400" isBold="False" isItalic="False"/>
          <lineSpacing>0</lineSpacing>
          <selectedIndex>-1</selectedIndex>
          <radius>0</radius>
        </control>
        <control controlID="60E987AB-E079-49EA-9A5B-78B5CBA3C705" controlTypeID="List" x="0" y="56" w="278" h="162" zOrder="2">
          <isShow>False</isShow>
          <canMove>False</canMove>
          <alias>dropDown</alias>
          <font family="Segoe+UI" displayName="Segoe+UI" postScript="" weightStyle="Regular" weight="400" isBold="False" isItalic="False" useDefaultFontFamily="False"/>
          <text>All%0D%0ATraditional+IRA%0D%0ARoth+IRA%0D%0ARollover+IRA</text>
          <textSize>24</textSize>
          <lineSpacing>0</lineSpacing>
          <itemHeight>56</itemHeight>
          <interlaceColor>4294967295</interlaceColor>
        </control>
      </groupChildrenDescriptors>
      <baseHeight>56</baseHeight>
      <font family="Segoe+UI"/>
      <textSize>24</textSize>
    </control>
    <control controlID="98E0510B-B646-4672-8993-5FBEB0E3A719" controlTypeID="Label" x="76" y="812" w="152" h="28" zOrder="14">
      <caption>AVAILABLE+BALANCE</caption>
      <font family="Titillium+Web" displayName="Titillium+Web+Regular" postScript="" weightStyle="Regular" weight="400" isBold="False" isItalic="False"/>
      <text>CURRENT+BALANCE</text>
      <textSize>18</textSize>
      <lineSpacing>0</lineSpacing>
      <useDefaultTextSize>False</useDefaultTextSize>
      <selectedIndex>-1</selectedIndex>
    </control>
    <control controlID="7319CEC1-90B6-41C8-AEAF-BE516649F693" controlTypeID="Label" x="589" y="779" w="177" h="110" zOrder="15">
      <font family="Titillium+Web" displayName="Titillium+Web+Regular" postScript="" weightStyle="Regular" weight="400" isBold="False" isItalic="False"/>
      <text>1%2C111</text>
      <textSize>72</textSize>
      <lineSpacing>0</lineSpacing>
      <useDefaultTextSize>False</useDefaultTextSize>
      <selectedIndex>-1</selectedIndex>
    </control>
    <control controlID="5699131E-2950-4E39-AEC5-A23EBD8F9F6E" controlTypeID="Label" x="568" y="809" w="11" h="31" zOrder="16">
      <caption>Saving+Accnt+%23</caption>
      <font family="Titillium+Web" displayName="Titillium+Web+Regular" postScript="" weightStyle="Regular" weight="400" isBold="False" isItalic="False"/>
      <text>$</text>
      <textSize>20</textSize>
      <lineSpacing>0</lineSpacing>
      <useDefaultTextSize>False</useDefaultTextSize>
      <selectedIndex>-1</selectedIndex>
    </control>
    <control controlID="F7496DC5-57E1-48C9-8E0E-469D9CBA6302" controlTypeID="Label" x="766" y="808" w="22" h="31" zOrder="17">
      <caption>CURRENT+BALLANCE</caption>
      <font family="Titillium+Web" displayName="Titillium+Web+Regular" postScript="" weightStyle="Regular" weight="400" isBold="False" isItalic="False"/>
      <text>00</text>
      <textSize>20</textSize>
      <lineSpacing>0</lineSpacing>
      <useDefaultTextSize>False</useDefaultTextSize>
      <selectedIndex>-1</selectedIndex>
    </control>
    <control controlID="67A1A196-356A-465F-9E7E-CD08A37886B1" controlTypeID="Table" x="100" y="907" w="688" h="470" zOrder="18">
      <caption>TXN+Table</caption>
      <borderVisible>False</borderVisible>
      <font family="Titillium+Web" displayName="Titillium+Web+Regular" postScript="" weightStyle="Regular" weight="400" isBold="False" isItalic="False"/>
      <text>Date%09Description%09Amount%09%09%09%09%09%09%09%09%09%09%09%09%09%09%09%09%09%09%09%09%09%09%09%09%09%09%09</text>
      <textSize>14</textSize>
      <textAlign>HaCenter</textAlign>
      <lineSpacing>0</lineSpacing>
      <useDefaultTextSize>False</useDefaultTextSize>
      <thickness>1</thickness>
      <dashMode>SdSolid</dashMode>
      <tableStyle>tsHiddenColLine</tableStyle>
      <fontSize>20</fontSize>
      <fontFamily/>
      <fontWeight>Regular</fontWeight>
      <textStyles>[]</textStyles>
      <cellBorderVisible>False</cellBorderVisible>
      <editIndex>0</editIndex>
      <cells>
        <cell rows="0,0" cols="0,0">
          <fontSize>20</fontSize>
          <textHAlign>HaLeft</textHAlign>
          <fontFamily>Titillium+Web</fontFamily>
          <fontWeight>Regular</fontWeight>
          <textStyles>[]</textStyles>
          <cellBorderVisible>True</cellBorderVisible>
          <editIndex>12</editIndex>
          <text>Date</text>
          <textHeight>43</textHeight>
          <font family="Titillium+Web" displayName="Titillium+Web+Regular" postScript="" weightStyle="Regular" weight="400" isBold="False" isItalic="False"/>
        </cell>
        <cell rows="0,0" cols="1,1">
          <fontSize>20</fontSize>
          <textHAlign>HaLeft</textHAlign>
          <fontFamily>Titillium+Web</fontFamily>
          <fontWeight>Regular</fontWeight>
          <textStyles>[]</textStyles>
          <cellBorderVisible>True</cellBorderVisible>
          <editIndex>12</editIndex>
          <text>Description</text>
          <textHeight>43</textHeight>
          <font family="Titillium+Web" displayName="Titillium+Web+Regular" postScript="" weightStyle="Regular" weight="400" isBold="False" isItalic="False"/>
        </cell>
        <cell rows="0,0" cols="2,2">
          <fontSize>20</fontSize>
          <textHAlign>HaRight</textHAlign>
          <fontFamily>Titillium+Web</fontFamily>
          <fontWeight>Regular</fontWeight>
          <textStyles>[]</textStyles>
          <cellBorderVisible>True</cellBorderVisible>
          <editIndex>12</editIndex>
          <text>Amount</text>
          <textHeight>43</textHeight>
          <font family="Titillium+Web" displayName="Titillium+Web+Regular" postScript="" weightStyle="Regular" weight="400" isBold="False" isItalic="False"/>
        </cell>
        <cell rows="1,1" cols="0,0">
          <fontSize>20</fontSize>
          <fontFamily>Titillium+Web</fontFamily>
          <fontWeight>Regular</fontWeight>
          <textStyles>[]</textStyles>
          <cellBorderVisible>True</cellBorderVisible>
          <editIndex>12</editIndex>
          <textHeight>12</textHeight>
          <font family="Titillium+Web" displayName="Titillium+Web+Regular" postScript="" weightStyle="Regular" weight="400" isBold="False" isItalic="False"/>
        </cell>
        <cell rows="1,1" cols="1,1">
          <fontSize>20</fontSize>
          <fontFamily>Titillium+Web</fontFamily>
          <fontWeight>Regular</fontWeight>
          <textStyles>[]</textStyles>
          <cellBorderVisible>True</cellBorderVisible>
          <editIndex>12</editIndex>
          <textHeight>12</textHeight>
          <font family="Titillium+Web" displayName="Titillium+Web+Regular" postScript="" weightStyle="Regular" weight="400" isBold="False" isItalic="False"/>
        </cell>
        <cell rows="1,1" cols="2,2">
          <fontSize>20</fontSize>
          <fontFamily>Titillium+Web</fontFamily>
          <fontWeight>Regular</fontWeight>
          <textStyles>[]</textStyles>
          <cellBorderVisible>True</cellBorderVisible>
          <editIndex>12</editIndex>
          <textHeight>12</textHeight>
          <font family="Titillium+Web" displayName="Titillium+Web+Regular" postScript="" weightStyle="Regular" weight="400" isBold="False" isItalic="False"/>
        </cell>
        <cell rows="2,2" cols="0,0">
          <fontSize>20</fontSize>
          <fontFamily>Titillium+Web</fontFamily>
          <fontWeight>Regular</fontWeight>
          <textStyles>[]</textStyles>
          <cellBorderVisible>True</cellBorderVisible>
          <editIndex>12</editIndex>
          <textHeight>12</textHeight>
          <font family="Titillium+Web" displayName="Titillium+Web+Regular" postScript="" weightStyle="Regular" weight="400" isBold="False" isItalic="False"/>
        </cell>
        <cell rows="2,2" cols="1,1">
          <fontSize>20</fontSize>
          <fontFamily>Titillium+Web</fontFamily>
          <fontWeight>Regular</fontWeight>
          <textStyles>[]</textStyles>
          <cellBorderVisible>True</cellBorderVisible>
          <editIndex>12</editIndex>
          <textHeight>12</textHeight>
          <font family="Titillium+Web" displayName="Titillium+Web+Regular" postScript="" weightStyle="Regular" weight="400" isBold="False" isItalic="False"/>
        </cell>
        <cell rows="2,2" cols="2,2">
          <fontSize>20</fontSize>
          <fontFamily>Titillium+Web</fontFamily>
          <fontWeight>Regular</fontWeight>
          <textStyles>[]</textStyles>
          <cellBorderVisible>True</cellBorderVisible>
          <editIndex>12</editIndex>
          <textHeight>12</textHeight>
          <font family="Titillium+Web" displayName="Titillium+Web+Regular" postScript="" weightStyle="Regular" weight="400" isBold="False" isItalic="False"/>
        </cell>
        <cell rows="3,3" cols="0,0">
          <fontFamily>Titillium+Web</fontFamily>
          <fontWeight>Regular</fontWeight>
          <textStyles>[]</textStyles>
          <cellBorderVisible>True</cellBorderVisible>
          <editIndex>21</editIndex>
          <textHeight>12</textHeight>
          <font family="Titillium+Web" displayName="Titillium+Web+Regular" postScript="" weightStyle="Regular" weight="400" isBold="False" isItalic="False"/>
        </cell>
        <cell rows="3,3" cols="1,1">
          <fontFamily>Titillium+Web</fontFamily>
          <fontWeight>Regular</fontWeight>
          <textStyles>[]</textStyles>
          <cellBorderVisible>True</cellBorderVisible>
          <editIndex>21</editIndex>
          <textHeight>12</textHeight>
          <font family="Titillium+Web" displayName="Titillium+Web+Regular" postScript="" weightStyle="Regular" weight="400" isBold="False" isItalic="False"/>
        </cell>
        <cell rows="3,3" cols="2,2">
          <fontFamily>Titillium+Web</fontFamily>
          <fontWeight>Regular</fontWeight>
          <textStyles>[]</textStyles>
          <cellBorderVisible>True</cellBorderVisible>
          <editIndex>21</editIndex>
          <textHeight>12</textHeight>
          <font family="Titillium+Web" displayName="Titillium+Web+Regular" postScript="" weightStyle="Regular" weight="400" isBold="False" isItalic="False"/>
        </cell>
        <cell rows="4,4" cols="0,0">
          <fontFamily>Titillium+Web</fontFamily>
          <fontWeight>Regular</fontWeight>
          <textStyles>[]</textStyles>
          <cellBorderVisible>True</cellBorderVisible>
          <editIndex>21</editIndex>
          <textHeight>12</textHeight>
          <font family="Titillium+Web" displayName="Titillium+Web+Regular" postScript="" weightStyle="Regular" weight="400" isBold="False" isItalic="False"/>
        </cell>
        <cell rows="4,4" cols="1,1">
          <fontFamily>Titillium+Web</fontFamily>
          <fontWeight>Regular</fontWeight>
          <textStyles>[]</textStyles>
          <cellBorderVisible>True</cellBorderVisible>
          <editIndex>21</editIndex>
          <textHeight>12</textHeight>
          <font family="Titillium+Web" displayName="Titillium+Web+Regular" postScript="" weightStyle="Regular" weight="400" isBold="False" isItalic="False"/>
        </cell>
        <cell rows="4,4" cols="2,2">
          <fontFamily>Titillium+Web</fontFamily>
          <fontWeight>Regular</fontWeight>
          <textStyles>[]</textStyles>
          <cellBorderVisible>True</cellBorderVisible>
          <editIndex>21</editIndex>
          <textHeight>12</textHeight>
          <font family="Titillium+Web" displayName="Titillium+Web+Regular" postScript="" weightStyle="Regular" weight="400" isBold="False" isItalic="False"/>
        </cell>
        <cell rows="5,5" cols="0,0">
          <fontFamily>Titillium+Web</fontFamily>
          <fontWeight>Regular</fontWeight>
          <textStyles>[]</textStyles>
          <cellBorderVisible>True</cellBorderVisible>
          <editIndex>21</editIndex>
          <textHeight>12</textHeight>
          <font family="Titillium+Web" displayName="Titillium+Web+Regular" postScript="" weightStyle="Regular" weight="400" isBold="False" isItalic="False"/>
        </cell>
        <cell rows="5,5" cols="1,1">
          <fontFamily>Titillium+Web</fontFamily>
          <fontWeight>Regular</fontWeight>
          <textStyles>[]</textStyles>
          <cellBorderVisible>True</cellBorderVisible>
          <editIndex>21</editIndex>
          <textHeight>12</textHeight>
          <font family="Titillium+Web" displayName="Titillium+Web+Regular" postScript="" weightStyle="Regular" weight="400" isBold="False" isItalic="False"/>
        </cell>
        <cell rows="5,5" cols="2,2">
          <fontFamily>Titillium+Web</fontFamily>
          <fontWeight>Regular</fontWeight>
          <textStyles>[]</textStyles>
          <cellBorderVisible>True</cellBorderVisible>
          <editIndex>21</editIndex>
          <textHeight>12</textHeight>
          <font family="Titillium+Web" displayName="Titillium+Web+Regular" postScript="" weightStyle="Regular" weight="400" isBold="False" isItalic="False"/>
        </cell>
        <cell rows="6,6" cols="0,0">
          <fontFamily>Titillium+Web</fontFamily>
          <fontWeight>Regular</fontWeight>
          <textStyles>[]</textStyles>
          <cellBorderVisible>True</cellBorderVisible>
          <editIndex>21</editIndex>
          <textHeight>12</textHeight>
          <font family="Titillium+Web" displayName="Titillium+Web+Regular" postScript="" weightStyle="Regular" weight="400" isBold="False" isItalic="False"/>
        </cell>
        <cell rows="6,6" cols="1,1">
          <fontFamily>Titillium+Web</fontFamily>
          <fontWeight>Regular</fontWeight>
          <textStyles>[]</textStyles>
          <cellBorderVisible>True</cellBorderVisible>
          <editIndex>21</editIndex>
          <textHeight>12</textHeight>
          <font family="Titillium+Web" displayName="Titillium+Web+Regular" postScript="" weightStyle="Regular" weight="400" isBold="False" isItalic="False"/>
        </cell>
        <cell rows="6,6" cols="2,2">
          <fontFamily>Titillium+Web</fontFamily>
          <fontWeight>Regular</fontWeight>
          <textStyles>[]</textStyles>
          <cellBorderVisible>True</cellBorderVisible>
          <editIndex>21</editIndex>
          <textHeight>12</textHeight>
          <font family="Titillium+Web" displayName="Titillium+Web+Regular" postScript="" weightStyle="Regular" weight="400" isBold="False" isItalic="False"/>
        </cell>
        <cell rows="7,7" cols="0,0">
          <fontFamily>Titillium+Web</fontFamily>
          <fontWeight>Regular</fontWeight>
          <textStyles>[]</textStyles>
          <cellBorderVisible>True</cellBorderVisible>
          <editIndex>21</editIndex>
          <textHeight>12</textHeight>
          <font family="Titillium+Web" displayName="Titillium+Web+Regular" postScript="" weightStyle="Regular" weight="400" isBold="False" isItalic="False"/>
        </cell>
        <cell rows="7,7" cols="1,1">
          <fontFamily>Titillium+Web</fontFamily>
          <fontWeight>Regular</fontWeight>
          <textStyles>[]</textStyles>
          <cellBorderVisible>True</cellBorderVisible>
          <editIndex>21</editIndex>
          <textHeight>12</textHeight>
          <font family="Titillium+Web" displayName="Titillium+Web+Regular" postScript="" weightStyle="Regular" weight="400" isBold="False" isItalic="False"/>
        </cell>
        <cell rows="7,7" cols="2,2">
          <fontFamily>Titillium+Web</fontFamily>
          <fontWeight>Regular</fontWeight>
          <textStyles>[]</textStyles>
          <cellBorderVisible>True</cellBorderVisible>
          <editIndex>21</editIndex>
          <textHeight>12</textHeight>
          <font family="Titillium+Web" displayName="Titillium+Web+Regular" postScript="" weightStyle="Regular" weight="400" isBold="False" isItalic="False"/>
        </cell>
        <cell rows="8,8" cols="0,0">
          <fontFamily>Titillium+Web</fontFamily>
          <fontWeight>Regular</fontWeight>
          <textStyles>[]</textStyles>
          <cellBorderVisible>True</cellBorderVisible>
          <editIndex>21</editIndex>
          <textHeight>12</textHeight>
          <font family="Titillium+Web" displayName="Titillium+Web+Regular" postScript="" weightStyle="Regular" weight="400" isBold="False" isItalic="False"/>
        </cell>
        <cell rows="8,8" cols="1,1">
          <fontFamily>Titillium+Web</fontFamily>
          <fontWeight>Regular</fontWeight>
          <textStyles>[]</textStyles>
          <cellBorderVisible>True</cellBorderVisible>
          <editIndex>21</editIndex>
          <textHeight>12</textHeight>
          <font family="Titillium+Web" displayName="Titillium+Web+Regular" postScript="" weightStyle="Regular" weight="400" isBold="False" isItalic="False"/>
        </cell>
        <cell rows="8,8" cols="2,2">
          <fontFamily>Titillium+Web</fontFamily>
          <fontWeight>Regular</fontWeight>
          <textStyles>[]</textStyles>
          <cellBorderVisible>True</cellBorderVisible>
          <editIndex>21</editIndex>
          <textHeight>12</textHeight>
          <font family="Titillium+Web" displayName="Titillium+Web+Regular" postScript="" weightStyle="Regular" weight="400" isBold="False" isItalic="False"/>
        </cell>
        <cell rows="9,9" cols="0,0">
          <fontFamily>Titillium+Web</fontFamily>
          <fontWeight>Regular</fontWeight>
          <textStyles>[]</textStyles>
          <cellBorderVisible>True</cellBorderVisible>
          <editIndex>21</editIndex>
          <textHeight>12</textHeight>
          <font family="Titillium+Web" displayName="Titillium+Web+Regular" postScript="" weightStyle="Regular" weight="400" isBold="False" isItalic="False"/>
        </cell>
        <cell rows="9,9" cols="1,1">
          <fontFamily>Titillium+Web</fontFamily>
          <fontWeight>Regular</fontWeight>
          <textStyles>[]</textStyles>
          <cellBorderVisible>True</cellBorderVisible>
          <editIndex>21</editIndex>
          <textHeight>12</textHeight>
          <font family="Titillium+Web" displayName="Titillium+Web+Regular" postScript="" weightStyle="Regular" weight="400" isBold="False" isItalic="False"/>
        </cell>
        <cell rows="9,9" cols="2,2">
          <fontFamily>Titillium+Web</fontFamily>
          <fontWeight>Regular</fontWeight>
          <textStyles>[]</textStyles>
          <cellBorderVisible>True</cellBorderVisible>
          <editIndex>21</editIndex>
          <textHeight>12</textHeight>
          <font family="Titillium+Web" displayName="Titillium+Web+Regular" postScript="" weightStyle="Regular" weight="400" isBold="False" isItalic="False"/>
        </cell>
      </cells>
      <rows>
        <row height="47">
          <fontSize>20</fontSize>
          <fontFamily/>
          <fontWeight>Regular</fontWeight>
          <textStyles>[]</textStyles>
          <isAutoRowHeight>False</isAutoRowHeight>
        </row>
        <row height="47">
          <fontSize>20</fontSize>
          <fontFamily/>
          <fontWeight>Regular</fontWeight>
          <textStyles>[]</textStyles>
          <isAutoRowHeight>False</isAutoRowHeight>
        </row>
        <row height="47">
          <fontSize>20</fontSize>
          <fontFamily/>
          <fontWeight>Regular</fontWeight>
          <textStyles>[]</textStyles>
          <isAutoRowHeight>False</isAutoRowHeight>
        </row>
        <row height="47">
          <fontSize>20</fontSize>
          <fontFamily/>
          <fontWeight>Regular</fontWeight>
          <textStyles>[]</textStyles>
          <cellBorderVisible>True</cellBorderVisible>
          <editIndex>19</editIndex>
          <isAutoRowHeight>False</isAutoRowHeight>
        </row>
        <row height="47">
          <fontSize>20</fontSize>
          <fontFamily/>
          <fontWeight>Regular</fontWeight>
          <textStyles>[]</textStyles>
          <cellBorderVisible>True</cellBorderVisible>
          <editIndex>19</editIndex>
          <isAutoRowHeight>False</isAutoRowHeight>
        </row>
        <row height="47">
          <fontSize>20</fontSize>
          <fontFamily/>
          <fontWeight>Regular</fontWeight>
          <textStyles>[]</textStyles>
          <cellBorderVisible>True</cellBorderVisible>
          <editIndex>19</editIndex>
          <isAutoRowHeight>False</isAutoRowHeight>
        </row>
        <row height="47">
          <fontSize>20</fontSize>
          <fontFamily/>
          <fontWeight>Regular</fontWeight>
          <textStyles>[]</textStyles>
          <cellBorderVisible>True</cellBorderVisible>
          <editIndex>19</editIndex>
          <isAutoRowHeight>False</isAutoRowHeight>
        </row>
        <row height="47">
          <fontSize>20</fontSize>
          <fontFamily/>
          <fontWeight>Regular</fontWeight>
          <textStyles>[]</textStyles>
          <cellBorderVisible>True</cellBorderVisible>
          <editIndex>19</editIndex>
          <isAutoRowHeight>False</isAutoRowHeight>
        </row>
        <row height="47">
          <fontSize>20</fontSize>
          <fontFamily/>
          <fontWeight>Regular</fontWeight>
          <textStyles>[]</textStyles>
          <cellBorderVisible>True</cellBorderVisible>
          <editIndex>19</editIndex>
          <isAutoRowHeight>False</isAutoRowHeight>
        </row>
        <row height="47">
          <fontSize>20</fontSize>
          <fontFamily/>
          <fontWeight>Regular</fontWeight>
          <textStyles>[]</textStyles>
          <cellBorderVisible>True</cellBorderVisible>
          <editIndex>19</editIndex>
          <isAutoRowHeight>False</isAutoRowHeight>
        </row>
      </rows>
      <cols>
        <col width="229">
          <fontSize>20</fontSize>
          <fontFamily/>
          <fontWeight>Regular</fontWeight>
          <textStyles>[]</textStyles>
        </col>
        <col width="229">
          <fontSize>20</fontSize>
          <fontFamily/>
          <fontWeight>Regular</fontWeight>
          <textStyles>[]</textStyles>
        </col>
        <col width="230">
          <fontSize>20</fontSize>
          <fontFamily/>
          <fontWeight>Regular</fontWeight>
          <textStyles>[]</textStyles>
        </col>
      </cols>
    </control>
    <control controlID="406742B0-98C5-44B7-B364-52F58FF632B8" controlTypeID="Button" x="100" y="1406" w="688" h="47" zOrder="19">
      <color>4279135388</color>
      <borderColor>4294967295</borderColor>
      <interactiveData>
        <entry title="">
          <area shape="0" alt="" ID="{7AECE34D-1848-4005-83EE-DC5A40BBB31F}" coords="(0,0,688,47)"/>
          <events title="">
            <event eventType="atClick" isChecked="True">
              <behaviour title="" isChecked="True" isWait="False" isLoop="False" execMode="emParallel">
                <target targetID="67A1A196-356A-465F-9E7E-CD08A37886B1" isChecked="True" isAutoRecovery="False" isLoop="False" execMode="emSequence">
                  <command name="Resize" isChecked="True" descrition="">
                    <param name="AniInterpolation" value="1" varType="3" description=""/>
                    <param name="AniDuration" value="200" varType="3" description=""/>
                    <param name="AniAutoReverse" value="False" varType="11" description=""/>
                    <param name="AniLoop" value="False" varType="11" description=""/>
                    <param name="AniInterpolationTypeOut" value="False" varType="11" description=""/>
                    <param name="Delay" value="0" varType="3" description=""/>
                    <param name="ValueFromCurrent" value="True" varType="11" description=""/>
                    <param name="ResizeDirection" value="0" varType="3" description=""/>
                    <param name="ValueMode" value="0" varType="3" description=""/>
                    <param name="FromWidth" value="0" varType="3" description=""/>
                    <param name="FromHeight" value="0" varType="3" description=""/>
                    <param name="ToWidth" value="0" varType="3" description=""/>
                    <param name="ToHeight" value="0" varType="3" description=""/>
                    <param name="ToX" value="0" varType="3" description=""/>
                    <param name="ToY" value="0" varType="3" description=""/>
                    <param name="TerminateLoopByClick" value="True" varType="11" description=""/>
                  </command>
                </target>
              </behaviour>
            </event>
          </events>
        </entry>
      </interactiveData>
      <font family="Titillium+Web" displayName="Titillium+Web+Regular" postScript="" weightStyle="Regular" weight="400" isBold="False" isItalic="False"/>
      <text>View+More+Transactions</text>
      <textColor>4294967295</textColor>
      <textSize>28</textSize>
      <lineSpacing>0</lineSpacing>
      <useDefaultTextSize>False</useDefaultTextSize>
      <selectedIndex>-1</selectedIndex>
      <radius>4</radius>
    </control>
    <control controlID="ADE9CEC1-B840-44FA-86B5-B7869EA43428" controlTypeID="Panel" x="0" y="1495" w="1980" h="311" zOrder="20">
      <caption>Info+Panel</caption>
      <color>3647366758</color>
      <borderVisible>False</borderVisible>
      <groupChildrenDescriptors>
        <control controlID="0CB6B735-F9DB-4B13-97DA-6B69865F47EF" controlTypeID="Border" x="0" y="0" w="1980" h="311" zOrder="0">
          <borderVisible>False</borderVisible>
          <alias>borderLayer</alias>
        </control>
      </groupChildrenDescriptors>
      <thinkness>1</thinkness>
    </control>
    <control controlID="1C7682D5-8434-48DE-8B42-74C179130E58" controlTypeID="IconButton2" x="1684" y="1520" w="38" h="38" zOrder="21">
      <caption>IG</caption>
      <groupChildrenDescriptors>
        <control controlID="67BC72C3-0B43-4FCD-A9D5-75480B7C6615" controlTypeID="Shape" x="0" y="0" w="38" h="38" zOrder="0">
          <canMove>False</canMove>
          <alias>shape</alias>
          <font family="Titillium+Web" displayName="Titillium+Web+Regular" postScript="" weightStyle="Regular" weight="400" isBold="False" isItalic="False"/>
          <textSize>14</textSize>
          <selectedIndex>-1</selectedIndex>
          <shapeBorderType>SbEllipse</shapeBorderType>
        </control>
        <control controlID="DA54C4C5-7AAC-4F71-8BF8-569A75BB0C11" controlTypeID="Icon" x="7" y="7" w="24" h="24" zOrder="1">
          <canMove>False</canMove>
          <alias>icon</alias>
          <icon>
            <ID/>
            <iconFontName>jdIonicons</iconFontName>
            <iconCode>62289</iconCode>
          </icon>
          <URL>1125624F26FF3DC2C6BBE373652F6D4E.svg</URL>
        </control>
        <control controlID="E524C3D8-A2E7-4247-B7F4-BE51DA1ACC14" controlTypeID="Label" x="-1" y="-2" w="31" h="22" zOrder="2">
          <canMove>False</canMove>
          <alias>label</alias>
          <font family="Titillium+Web" displayName="Titillium+Web+Regular" postScript="" weightStyle="Regular" weight="400" isBold="False" isItalic="False"/>
          <text>Label</text>
          <textAlign>HaCenter</textAlign>
          <lineSpacing>0</lineSpacing>
          <selectedIndex>-1</selectedIndex>
        </control>
        <control controlID="48251312-E7EC-4E22-9F82-3B32FEF3527E" controlTypeID="Shape" x="24" y="0" w="14" h="13" zOrder="3">
          <color>4294901760</color>
          <borderVisible>False</borderVisible>
          <canMove>False</canMove>
          <alias>alarm</alias>
          <font family="Titillium+Web" displayName="Titillium+Web+Regular" postScript="" weightStyle="Regular" weight="400" isBold="False" isItalic="False"/>
          <text>2</text>
          <textColor>4294967295</textColor>
          <textSize>8</textSize>
          <selectedIndex>-1</selectedIndex>
          <radius>100</radius>
          <radiusIsPercent>True</radiusIsPercent>
        </control>
      </groupChildrenDescriptors>
    </control>
    <control controlID="D6EDA386-53C6-49D2-B26F-A75936D5E54C" controlTypeID="IconButton2" x="1732" y="1520" w="38" h="38" zOrder="22">
      <caption>TW</caption>
      <groupChildrenDescriptors>
        <control controlID="4F21D0FF-909B-403F-B933-D95B51FAB585" controlTypeID="Shape" x="0" y="0" w="38" h="38" zOrder="0">
          <canMove>False</canMove>
          <alias>shape</alias>
          <font family="Titillium+Web" displayName="Titillium+Web+Regular" postScript="" weightStyle="Regular" weight="400" isBold="False" isItalic="False"/>
          <textSize>14</textSize>
          <selectedIndex>-1</selectedIndex>
          <shapeBorderType>SbEllipse</shapeBorderType>
        </control>
        <control controlID="B61B4DF1-4D7C-49D7-9BDB-1C132F688C11" controlTypeID="Icon" x="7" y="7" w="24" h="24" zOrder="1">
          <canMove>False</canMove>
          <alias>icon</alias>
          <icon>
            <ID/>
            <iconFontName>jdIonicons</iconFontName>
            <iconCode>62018</iconCode>
          </icon>
          <URL>F1FBFA57C1F0D615C8F4EC42B281654D.svg</URL>
        </control>
        <control controlID="36765DF0-440A-40AE-8818-221B25671584" controlTypeID="Label" x="-1" y="-2" w="31" h="22" zOrder="2">
          <canMove>False</canMove>
          <alias>label</alias>
          <font family="Titillium+Web" displayName="Titillium+Web+Regular" postScript="" weightStyle="Regular" weight="400" isBold="False" isItalic="False"/>
          <text>Label</text>
          <textAlign>HaCenter</textAlign>
          <lineSpacing>0</lineSpacing>
          <selectedIndex>-1</selectedIndex>
        </control>
        <control controlID="81D59997-B349-4065-99CB-5D645A7075A2" controlTypeID="Shape" x="24" y="0" w="14" h="13" zOrder="3">
          <color>4294901760</color>
          <borderVisible>False</borderVisible>
          <canMove>False</canMove>
          <alias>alarm</alias>
          <font family="Titillium+Web" displayName="Titillium+Web+Regular" postScript="" weightStyle="Regular" weight="400" isBold="False" isItalic="False"/>
          <text>2</text>
          <textColor>4294967295</textColor>
          <textSize>8</textSize>
          <selectedIndex>-1</selectedIndex>
          <radius>100</radius>
          <radiusIsPercent>True</radiusIsPercent>
        </control>
      </groupChildrenDescriptors>
    </control>
    <control controlID="31987961-789C-4FF6-8968-C46588D39CA5" controlTypeID="IconButton2" x="1778" y="1520" w="38" h="38" zOrder="23">
      <caption>FB</caption>
      <groupChildrenDescriptors>
        <control controlID="B93F5835-4E3A-4DB6-A0B4-6898690A7048" controlTypeID="Shape" x="0" y="0" w="38" h="38" zOrder="0">
          <canMove>False</canMove>
          <alias>shape</alias>
          <font family="Titillium+Web" displayName="Titillium+Web+Regular" postScript="" weightStyle="Regular" weight="400" isBold="False" isItalic="False"/>
          <textSize>14</textSize>
          <selectedIndex>-1</selectedIndex>
          <shapeBorderType>SbEllipse</shapeBorderType>
        </control>
        <control controlID="834D3BB8-4B4F-43FF-9106-7E94C67F162E" controlTypeID="Icon" x="7" y="7" w="24" h="24" zOrder="1">
          <canMove>False</canMove>
          <alias>icon</alias>
          <icon>
            <ID/>
            <iconFontName>jdIonicons</iconFontName>
            <iconCode>62001</iconCode>
          </icon>
          <URL>29F37D064345EFF092FDE43A909201C4.svg</URL>
        </control>
        <control controlID="F5239D5F-DED1-460D-BDC2-6DEC54648592" controlTypeID="Label" x="-1" y="-2" w="31" h="22" zOrder="2">
          <canMove>False</canMove>
          <alias>label</alias>
          <font family="Titillium+Web" displayName="Titillium+Web+Regular" postScript="" weightStyle="Regular" weight="400" isBold="False" isItalic="False"/>
          <text>Label</text>
          <textAlign>HaCenter</textAlign>
          <lineSpacing>0</lineSpacing>
          <selectedIndex>-1</selectedIndex>
        </control>
        <control controlID="C55000FA-AE97-4F7F-B417-16E958981C1C" controlTypeID="Shape" x="24" y="0" w="14" h="13" zOrder="3">
          <color>4294901760</color>
          <borderVisible>False</borderVisible>
          <canMove>False</canMove>
          <alias>alarm</alias>
          <font family="Titillium+Web" displayName="Titillium+Web+Regular" postScript="" weightStyle="Regular" weight="400" isBold="False" isItalic="False"/>
          <text>2</text>
          <textColor>4294967295</textColor>
          <textSize>8</textSize>
          <selectedIndex>-1</selectedIndex>
          <radius>100</radius>
          <radiusIsPercent>True</radiusIsPercent>
        </control>
      </groupChildrenDescriptors>
    </control>
    <control controlID="45FE28C4-D09F-4AF6-AFF5-6CF96E1F00D0" controlTypeID="IconButton2" x="1826" y="1520" w="38" h="38" zOrder="24">
      <caption>In</caption>
      <groupChildrenDescriptors>
        <control controlID="E47789E7-8CD6-49F7-ADE1-FBF64A9D391B" controlTypeID="Shape" x="0" y="0" w="38" h="38" zOrder="0">
          <canMove>False</canMove>
          <alias>shape</alias>
          <font family="Titillium+Web" displayName="Titillium+Web+Regular" postScript="" weightStyle="Regular" weight="400" isBold="False" isItalic="False"/>
          <textSize>14</textSize>
          <selectedIndex>-1</selectedIndex>
          <shapeBorderType>SbEllipse</shapeBorderType>
        </control>
        <control controlID="A35ABB9C-3F2B-4AB9-9C6A-471A350F5342" controlTypeID="Icon" x="7" y="7" w="24" h="24" zOrder="1">
          <canMove>False</canMove>
          <alias>icon</alias>
          <icon>
            <ID/>
            <iconFontName>jdFontAwesome</iconFontName>
            <iconCode>61665</iconCode>
          </icon>
          <URL>74B6E108F958848EA2B2DD7D6EC8692F.svg</URL>
        </control>
        <control controlID="ED76A10B-D2CC-4AA6-88CB-F5299E45F433" controlTypeID="Label" x="-1" y="-2" w="31" h="22" zOrder="2">
          <canMove>False</canMove>
          <alias>label</alias>
          <font family="Titillium+Web" displayName="Titillium+Web+Regular" postScript="" weightStyle="Regular" weight="400" isBold="False" isItalic="False"/>
          <text>Label</text>
          <textAlign>HaCenter</textAlign>
          <lineSpacing>0</lineSpacing>
          <selectedIndex>-1</selectedIndex>
        </control>
        <control controlID="9A80A64C-CAF4-4ADC-A5F0-14BD22059F9D" controlTypeID="Shape" x="24" y="0" w="14" h="13" zOrder="3">
          <color>4294901760</color>
          <borderVisible>False</borderVisible>
          <canMove>False</canMove>
          <alias>alarm</alias>
          <font family="Titillium+Web" displayName="Titillium+Web+Regular" postScript="" weightStyle="Regular" weight="400" isBold="False" isItalic="False"/>
          <text>2</text>
          <textColor>4294967295</textColor>
          <textSize>8</textSize>
          <selectedIndex>-1</selectedIndex>
          <radius>100</radius>
          <radiusIsPercent>True</radiusIsPercent>
        </control>
      </groupChildrenDescriptors>
    </control>
    <control controlID="704EEA05-FAF0-4C4E-9AA9-597C3FCE42A4" controlTypeID="IconButton2" x="1874" y="1520" w="38" h="38" zOrder="25">
      <caption>YT</caption>
      <groupChildrenDescriptors>
        <control controlID="8168FAF0-3BA1-4EA1-A3AD-2514E566DA8C" controlTypeID="Shape" x="0" y="0" w="38" h="38" zOrder="0">
          <canMove>False</canMove>
          <alias>shape</alias>
          <font family="Titillium+Web" displayName="Titillium+Web+Regular" postScript="" weightStyle="Regular" weight="400" isBold="False" isItalic="False"/>
          <textSize>14</textSize>
          <selectedIndex>-1</selectedIndex>
          <shapeBorderType>SbEllipse</shapeBorderType>
        </control>
        <control controlID="87C18A8D-2F67-40FB-B80E-F74A56DE7210" controlTypeID="Icon" x="7" y="7" w="24" h="24" zOrder="1">
          <canMove>False</canMove>
          <alias>icon</alias>
          <icon>
            <ID/>
            <iconFontName>jdIonicons</iconFontName>
            <iconCode>62028</iconCode>
          </icon>
          <URL>FE1032043403F880231675C8126B6ED2.svg</URL>
        </control>
        <control controlID="4D68D6C5-D2E6-4BB2-B4A2-23322A5AA6CE" controlTypeID="Label" x="-1" y="-2" w="31" h="22" zOrder="2">
          <canMove>False</canMove>
          <alias>label</alias>
          <font family="Titillium+Web" displayName="Titillium+Web+Regular" postScript="" weightStyle="Regular" weight="400" isBold="False" isItalic="False"/>
          <text>Label</text>
          <textAlign>HaCenter</textAlign>
          <lineSpacing>0</lineSpacing>
          <selectedIndex>-1</selectedIndex>
        </control>
        <control controlID="2CEE4B1F-9AE2-4029-81B5-FBFE4B231D71" controlTypeID="Shape" x="24" y="0" w="14" h="13" zOrder="3">
          <color>4294901760</color>
          <borderVisible>False</borderVisible>
          <canMove>False</canMove>
          <alias>alarm</alias>
          <font family="Titillium+Web" displayName="Titillium+Web+Regular" postScript="" weightStyle="Regular" weight="400" isBold="False" isItalic="False"/>
          <text>2</text>
          <textColor>4294967295</textColor>
          <textSize>8</textSize>
          <selectedIndex>-1</selectedIndex>
          <radius>100</radius>
          <radiusIsPercent>True</radiusIsPercent>
        </control>
      </groupChildrenDescriptors>
    </control>
    <control controlID="95701EB2-9DB5-41D8-9F6F-8AC99983A3A7" controlTypeID="Panel" x="0" y="1806" w="1980" h="94" zOrder="26">
      <caption>Footer</caption>
      <color>1248224870</color>
      <borderColor>4281571839</borderColor>
      <borderVisible>False</borderVisible>
      <groupChildrenDescriptors>
        <control controlID="C1020376-CB20-4147-8FAD-C61FDCC64241" controlTypeID="Border" x="0" y="0" w="1980" h="94" zOrder="0">
          <borderColor>4281571839</borderColor>
          <borderVisible>False</borderVisible>
          <alias>borderLayer</alias>
        </control>
      </groupChildrenDescriptors>
      <thinkness>1</thinkness>
    </control>
    <control controlID="8722B08E-4F7A-4CAB-B9DE-65142E57273C" controlTypeID="Icon" x="33" y="1846" w="13" h="13" zOrder="27">
      <caption>Copyright+Icon</caption>
      <color>4278190080</color>
      <icon>
        <ID/>
        <iconFontName>jdFontAwesome</iconFontName>
        <iconCode>61945</iconCode>
      </icon>
      <URL>A71E98588E066F88C73CF2B4E3CFBB82.svg</URL>
    </control>
    <control controlID="53AF5622-70C5-4DDB-A70F-781BA494F9BD" controlTypeID="Label" x="46" y="1841" w="99" h="22" zOrder="28">
      <caption>Copyright+Label</caption>
      <color>16777215</color>
      <font family="Titillium+Web" displayName="Titillium+Web+Regular" postScript="" weightStyle="Regular" weight="400" isBold="False" isItalic="False"/>
      <text>2021+Merit+Bank</text>
      <lineSpacing>0</lineSpacing>
      <selectedIndex>-1</selectedIndex>
    </control>
    <control controlID="88564133-6074-407E-88B4-574FD9BE6258" controlTypeID="Label" x="30" y="1573" w="114" h="37" zOrder="29">
      <font family="Titillium+Web" displayName="Titillium+Web_%26_Bold" postScript="" weightStyle="Bold" weight="700" isBold="True" isItalic="False"/>
      <text>PRODUCTS</text>
      <textColor>4294967295</textColor>
      <textSize>24</textSize>
      <lineSpacing>0</lineSpacing>
      <textStyles>[fsBold]</textStyles>
      <useDefaultTextSize>False</useDefaultTextSize>
      <selectedIndex>-1</selectedIndex>
    </control>
    <control controlID="91F1483F-4053-4F91-96D5-B60637621AF4" controlTypeID="Label" x="317" y="1572" w="181" h="37" zOrder="30">
      <font family="Titillium+Web" displayName="Titillium+Web_%26_Bold" postScript="" weightStyle="Bold" weight="700" isBold="True" isItalic="False"/>
      <text>GET+TO+KNOW+US</text>
      <textColor>4294967295</textColor>
      <textSize>24</textSize>
      <lineSpacing>0</lineSpacing>
      <textStyles>[fsBold]</textStyles>
      <useDefaultTextSize>False</useDefaultTextSize>
      <selectedIndex>-1</selectedIndex>
    </control>
    <control controlID="718D8EF5-49BC-457B-96E1-956F0A37B62D" controlTypeID="Label" x="630" y="1572" w="46" h="37" zOrder="31">
      <font family="Titillium+Web" displayName="Titillium+Web_%26_Bold" postScript="" weightStyle="Bold" weight="700" isBold="True" isItalic="False"/>
      <text>ATM</text>
      <textColor>4294967295</textColor>
      <textSize>24</textSize>
      <lineSpacing>0</lineSpacing>
      <textStyles>[fsBold]</textStyles>
      <useDefaultTextSize>False</useDefaultTextSize>
      <selectedIndex>-1</selectedIndex>
    </control>
    <control controlID="899057CD-6832-4238-AFE2-51BD8458E976" controlTypeID="Label" x="818" y="1572" w="65" h="37" zOrder="32">
      <font family="Titillium+Web" displayName="Titillium+Web_%26_Bold" postScript="" weightStyle="Bold" weight="700" isBold="True" isItalic="False"/>
      <text>LEGAL</text>
      <textColor>4294967295</textColor>
      <textSize>24</textSize>
      <lineSpacing>0</lineSpacing>
      <textStyles>[fsBold]</textStyles>
      <useDefaultTextSize>False</useDefaultTextSize>
      <selectedIndex>-1</selectedIndex>
    </control>
    <control controlID="93FE4461-5DCD-41AC-A7C3-6EDD51C6B6B8" controlTypeID="Label" x="1024" y="1573" w="100" h="37" zOrder="33">
      <font family="Titillium+Web" displayName="Titillium+Web_%26_Bold" postScript="" weightStyle="Bold" weight="700" isBold="True" isItalic="False"/>
      <text>SUPPORT</text>
      <textColor>4294967295</textColor>
      <textSize>24</textSize>
      <lineSpacing>0</lineSpacing>
      <textStyles>[fsBold]</textStyles>
      <useDefaultTextSize>False</useDefaultTextSize>
      <selectedIndex>-1</selectedIndex>
    </control>
    <control controlID="08772001-2891-4F52-9F51-E5649464B754" controlTypeID="Image" x="20" y="1508" w="75" h="80" zOrder="34">
      <URL>96723FFC2048BE38DB53951FBF5220C8.png</URL>
    </control>
    <control controlID="28175012-DB75-4711-8D67-06FACC883C4E" controlTypeID="Link" x="30" y="1620" w="141" h="25" zOrder="35">
      <font family="Titillium+Web" displayName="Titillium+Web+Regular" postScript="" weightStyle="Regular" weight="400" isBold="False" isItalic="False"/>
      <text>Certificate+of+Deposit</text>
      <textColor>4294967295</textColor>
      <textSize>16</textSize>
      <lineSpacing>0</lineSpacing>
      <textStyles>[]</textStyles>
      <useDefaultTextSize>False</useDefaultTextSize>
      <selectedIndex>-1</selectedIndex>
    </control>
    <control controlID="E0C5000C-AC35-4234-A130-C516D70DBC44" controlTypeID="Link" x="30" y="1645" w="88" h="25" zOrder="36">
      <font family="Titillium+Web" displayName="Titillium+Web+Regular" postScript="" weightStyle="Regular" weight="400" isBold="False" isItalic="False"/>
      <text>IRA+Accounts</text>
      <textColor>4294967295</textColor>
      <textSize>16</textSize>
      <lineSpacing>0</lineSpacing>
      <textStyles>[]</textStyles>
      <useDefaultTextSize>False</useDefaultTextSize>
      <selectedIndex>-1</selectedIndex>
    </control>
    <control controlID="0510EF5D-52A8-4AA5-B046-8F1F74309C09" controlTypeID="Link" x="317" y="1620" w="62" h="25" zOrder="37">
      <font family="Titillium+Web" displayName="Titillium+Web+Regular" postScript="" weightStyle="Regular" weight="400" isBold="False" isItalic="False"/>
      <text>About+Us</text>
      <textColor>4294967295</textColor>
      <textSize>16</textSize>
      <lineSpacing>0</lineSpacing>
      <textStyles>[]</textStyles>
      <useDefaultTextSize>False</useDefaultTextSize>
      <selectedIndex>-1</selectedIndex>
    </control>
    <control controlID="3FD3DE10-4554-44C0-ACC8-41FD2DF69FA8" controlTypeID="Link" x="630" y="1620" w="99" h="25" zOrder="38">
      <font family="Titillium+Web" displayName="Titillium+Web+Regular" postScript="" weightStyle="Regular" weight="400" isBold="False" isItalic="False"/>
      <text>ATM+Locations</text>
      <textColor>4294967295</textColor>
      <textSize>16</textSize>
      <lineSpacing>0</lineSpacing>
      <textStyles>[]</textStyles>
      <useDefaultTextSize>False</useDefaultTextSize>
      <selectedIndex>-1</selectedIndex>
    </control>
    <control controlID="16372011-A7EC-431D-91E5-ACCC3F575244" controlTypeID="Link" x="818" y="1620" w="49" h="25" zOrder="39">
      <font family="Titillium+Web" displayName="Titillium+Web+Regular" postScript="" weightStyle="Regular" weight="400" isBold="False" isItalic="False"/>
      <text>Privacy</text>
      <textColor>4294967295</textColor>
      <textSize>16</textSize>
      <lineSpacing>0</lineSpacing>
      <textStyles>[]</textStyles>
      <useDefaultTextSize>False</useDefaultTextSize>
      <selectedIndex>-1</selectedIndex>
    </control>
    <control controlID="42F64F6F-88AD-4A9E-AF87-B8BD78276E42" controlTypeID="Link" x="1024" y="1620" w="73" h="25" zOrder="40">
      <font family="Titillium+Web" displayName="Titillium+Web+Regular" postScript="" weightStyle="Regular" weight="400" isBold="False" isItalic="False"/>
      <text>Contact+Us</text>
      <textColor>4294967295</textColor>
      <textSize>16</textSize>
      <lineSpacing>0</lineSpacing>
      <textStyles>[]</textStyles>
      <useDefaultTextSize>False</useDefaultTextSize>
      <selectedIndex>-1</selectedIndex>
    </control>
    <control controlID="FA8B4A8A-46B2-47DF-A84A-F46CDF07865B" controlTypeID="Image" x="1768" y="1824" w="75" h="55" zOrder="41">
      <URL>B8427336EE8A9EA8D89AF315F9BDD076.png</URL>
    </control>
    <control controlID="45317FC6-7F12-4093-91EF-37246D59C8AD" controlTypeID="AvatarEx2" x="1711" y="20" w="68" h="68" zOrder="42">
      <borderColor>4279135388</borderColor>
      <interactiveData>
        <entry title="">
          <area shape="0" alt="" ID="{951AFC63-4486-42FF-AA40-6B9B0F154005}" coords="(0,0,68,68)"/>
          <events title="">
            <event eventType="atClick" isChecked="True">
              <behaviour title="" isChecked="True" isWait="False" isLoop="False" execMode="emParallel">
                <target targetID="BF96ABB0-083E-4353-8A3F-DD93FF56C84B" isChecked="True" isAutoRecovery="False" isLoop="False" execMode="emSequence">
                  <command name="Change Visibility" isChecked="True" descrition="">
                    <param name="AniInterpolation" value="1" varType="3" description=""/>
                    <param name="AniDuration" value="200" varType="3" description=""/>
                    <param name="AniAutoReverse" value="False" varType="11" description=""/>
                    <param name="AniLoop" value="False" varType="11" description=""/>
                    <param name="AniInterpolationTypeOut" value="False" varType="11" description=""/>
                    <param name="Delay" value="0" varType="3" description=""/>
                    <param name="ValueFromCurrent" value="True" varType="11" description=""/>
                    <param name="ForceFromInitValue" value="False" varType="11" description=""/>
                    <param name="ForceSetVisible" value="False" varType="11" description=""/>
                    <param name="Value" value="2" varType="3" description=""/>
                    <param name="TerminateLoopByClick" value="True" varType="11" description=""/>
                  </command>
                </target>
              </behaviour>
            </event>
          </events>
        </entry>
      </interactiveData>
      <avatarColorStyle>asBlack</avatarColorStyle>
      <icon>
        <ID/>
        <iconFontName>jdiconfontB</iconFontName>
        <iconCode>59652</iconCode>
      </icon>
      <URL>467605F5F90D9FF65132C1A6EF883F26.svg</URL>
    </control>
    <control controlID="A419EB87-A674-4871-A8C7-EE498C82E2E4" controlTypeID="Icon" x="1789" y="36" w="46" h="46" zOrder="43">
      <color>4279135388</color>
      <interactiveData>
        <entry title="">
          <area shape="0" alt="" ID="{852E8B45-4F73-48B3-AB7A-BA9983EFD984}" coords="(0,0,46,46)"/>
          <events title="">
            <event eventType="atClick" isChecked="True">
              <behaviour title="" isChecked="True" isWait="False" isLoop="False" execMode="emParallel">
                <target targetID="BF96ABB0-083E-4353-8A3F-DD93FF56C84B" isChecked="True" isAutoRecovery="False" isLoop="False" execMode="emSequence">
                  <command name="Change Visibility" isChecked="True" descrition="">
                    <param name="AniInterpolation" value="1" varType="3" description=""/>
                    <param name="AniDuration" value="200" varType="3" description=""/>
                    <param name="AniAutoReverse" value="False" varType="11" description=""/>
                    <param name="AniLoop" value="False" varType="11" description=""/>
                    <param name="AniInterpolationTypeOut" value="False" varType="11" description=""/>
                    <param name="Delay" value="0" varType="3" description=""/>
                    <param name="ValueFromCurrent" value="True" varType="11" description=""/>
                    <param name="ForceFromInitValue" value="False" varType="11" description=""/>
                    <param name="ForceSetVisible" value="False" varType="11" description=""/>
                    <param name="Value" value="2" varType="3" description=""/>
                    <param name="TerminateLoopByClick" value="True" varType="11" description=""/>
                  </command>
                </target>
              </behaviour>
            </event>
          </events>
        </entry>
      </interactiveData>
      <icon>
        <ID/>
        <iconFontName>jdIonicons</iconFontName>
        <iconCode>61700</iconCode>
      </icon>
      <URL>6420A7D9EEE96BBF5CAB6266A1E591F5.svg</URL>
    </control>
    <control controlID="BF96ABB0-083E-4353-8A3F-DD93FF56C84B" controlTypeID="Table" x="1613" y="110" w="190" h="103" zOrder="44">
      <caption>Drop+Down+Table</caption>
      <borderColor>4279135388</borderColor>
      <font family="Titillium+Web" displayName="Titillium+Web+Regular" postScript="" weightStyle="Regular" weight="400" isBold="False" isItalic="False"/>
      <text>Account+Settings%09Log+Out</text>
      <textSize>14</textSize>
      <textAlign>HaCenter</textAlign>
      <lineSpacing>0</lineSpacing>
      <useDefaultTextSize>False</useDefaultTextSize>
      <thickness>1</thickness>
      <dashMode>SdSolid</dashMode>
      <tableStyle>tsNone</tableStyle>
      <fontSize>18</fontSize>
      <fontFamily/>
      <fontWeight>Regular</fontWeight>
      <textStyles>[]</textStyles>
      <cells>
        <cell rows="0,0" cols="0,0">
          <fontSize>18</fontSize>
          <fontFamily>Titillium+Web</fontFamily>
          <fontWeight>Regular</fontWeight>
          <textStyles>[]</textStyles>
          <cellBorderColor>4279135388</cellBorderColor>
          <editIndex>21</editIndex>
          <text>Account+Settings</text>
          <textHeight>40</textHeight>
          <font family="Titillium+Web" displayName="Titillium+Web+Regular" postScript="" weightStyle="Regular" weight="400" isBold="False" isItalic="False"/>
        </cell>
        <cell rows="1,1" cols="0,0">
          <backColor>4294967295</backColor>
          <fontSize>18</fontSize>
          <fontFamily>Titillium+Web</fontFamily>
          <fontWeight>Regular</fontWeight>
          <textStyles>[]</textStyles>
          <cellBorderColor>4281571839</cellBorderColor>
          <editIndex>18</editIndex>
          <text>Log+Out</text>
          <textHeight>40</textHeight>
          <font family="Titillium+Web" displayName="Titillium+Web+Regular" postScript="" weightStyle="Regular" weight="400" isBold="False" isItalic="False"/>
        </cell>
      </cells>
      <rows>
        <row height="50">
          <fontSize>18</fontSize>
          <fontFamily/>
          <fontWeight>Regular</fontWeight>
          <textStyles>[]</textStyles>
          <cellBorderColor>4279135388</cellBorderColor>
          <editIndex>19</editIndex>
          <isAutoRowHeight>False</isAutoRowHeight>
        </row>
        <row height="53">
          <backColor>4294967295</backColor>
          <fontSize>18</fontSize>
          <fontFamily/>
          <fontWeight>Regular</fontWeight>
          <textStyles>[]</textStyles>
          <cellBorderColor>4281571839</cellBorderColor>
          <editIndex>16</editIndex>
          <isAutoRowHeight>False</isAutoRowHeight>
        </row>
      </rows>
      <cols>
        <col width="190">
          <fontSize>18</fontSize>
          <fontFamily/>
          <fontWeight>Regular</fontWeight>
          <textStyles>[]</textStyles>
        </col>
      </cols>
    </control>
  </controls>
  <param>
    <backgroundColor>4294967295</backgroundColor>
    <fontSize>14</fontSize>
    <fontFamily>Titillium+Web</fontFamily>
    <guideLines/>
  </param>
</mockup>