﻿<mockup version="5.3" minAllowVersion="5.3" ID="C182FD53-D619-4C26-91EA-5D45681D83BA" platform="MtWeb" defaultW="1980" defaultH="1900" measureW="600" measureH="800" mobileScreenScale="0">
  <controls controlCount="8">
    <control controlID="4BC5B70E-4F87-4296-B468-37150C0E14FD" controlTypeID="Button" x="180" y="590" w="240" h="56" zOrder="0">
      <caption>Sign+In</caption>
      <color>4278216447</color>
      <borderColor>2486409727</borderColor>
      <font family="Segoe+UI" displayName="Segoe+UI+Bold" postScript="" weightStyle="Bold" weight="700" isBold="True" isItalic="False"/>
      <text>Sign+Up</text>
      <textColor>4294967295</textColor>
      <textSize>20</textSize>
      <lineSpacing>0</lineSpacing>
      <textStyles>[fsBold]</textStyles>
      <useDefaultTextSize>False</useDefaultTextSize>
      <selectedIndex>-1</selectedIndex>
      <radius>4</radius>
    </control>
    <control controlID="1660B9BD-1467-4991-8CD1-C6E5B8AEDC92" controlTypeID="TextInput" x="180" y="297" w="240" h="40" zOrder="1">
      <font family="Segoe+UI" displayName="Segoe+UI" postScript="" weightStyle="Regular" weight="400" isBold="False" isItalic="False"/>
      <lineSpacing>0</lineSpacing>
      <selectedIndex>-1</selectedIndex>
      <placeHolder>Enter+Username</placeHolder>
    </control>
    <control controlID="7032E15E-A457-4D4F-AF9E-AA87951EC420" controlTypeID="TextInput" x="180" y="393" w="240" h="40" zOrder="2">
      <font family="Segoe+UI" displayName="Segoe+UI" postScript="" weightStyle="Regular" weight="400" isBold="False" isItalic="False"/>
      <lineSpacing>0</lineSpacing>
      <selectedIndex>-1</selectedIndex>
      <placeHolder>Enter+Password</placeHolder>
    </control>
    <control controlID="234DD3D2-67E0-4580-A9AD-2DB63A66D243" controlTypeID="Label" x="269" y="268" w="62" h="19" zOrder="3">
      <font family="Segoe+UI" displayName="Segoe+UI" postScript="" weightStyle="Regular" weight="400" isBold="False" isItalic="False"/>
      <text>Username</text>
      <lineSpacing>0</lineSpacing>
      <selectedIndex>-1</selectedIndex>
    </control>
    <control controlID="8BD1A4AC-7866-4584-AC93-90AFC49D1153" controlTypeID="Label" x="271" y="364" w="58" h="19" zOrder="4">
      <font family="Segoe+UI" displayName="Segoe+UI" postScript="" weightStyle="Regular" weight="400" isBold="False" isItalic="False"/>
      <text>Password</text>
      <lineSpacing>0</lineSpacing>
      <selectedIndex>-1</selectedIndex>
    </control>
    <control controlID="C6E17A8B-EF37-4762-B2DC-EE0137C55E8C" controlTypeID="TextInput" x="180" y="499" w="240" h="40" zOrder="5">
      <font family="Segoe+UI" displayName="Segoe+UI" postScript="" weightStyle="Regular" weight="400" isBold="False" isItalic="False"/>
      <lineSpacing>0</lineSpacing>
      <selectedIndex>-1</selectedIndex>
      <placeHolder>Enter+Email</placeHolder>
    </control>
    <control controlID="79877815-6ED9-4F10-A89A-37C4EE40CF1B" controlTypeID="Label" x="283" y="470" w="34" h="19" zOrder="6">
      <font family="Segoe+UI" displayName="Segoe+UI" postScript="" weightStyle="Regular" weight="400" isBold="False" isItalic="False"/>
      <text>EMail</text>
      <lineSpacing>0</lineSpacing>
      <selectedIndex>-1</selectedIndex>
    </control>
    <control controlID="F2E13A8C-A670-4399-9BC0-429BEB189A55" controlTypeID="Image" x="190" y="77" w="220" h="220" zOrder="7">
      <URL>96723FFC2048BE38DB53951FBF5220C8.png</URL>
    </control>
  </controls>
  <param>
    <backgroundColor>4294967295</backgroundColor>
    <fontSize>14</fontSize>
    <fontFamily>Segoe+UI</fontFamily>
    <guideLines/>
  </param>
</mockup>