﻿<mockup version="5.3" minAllowVersion="5.3" ID="D2DDBCA1-0CB9-427B-8636-8F6020961B82" platform="MtWeb" defaultW="1980" defaultH="1900" measureW="1980" measureH="1900" mobileScreenScale="0">
  <controls controlCount="79">
    <control controlID="279CB5D5-B425-4CB3-B684-FDDECD3C4A6F" controlTypeID="Panel" x="0" y="1495" w="1980" h="311" zOrder="0">
      <caption>Info+Panel</caption>
      <color>3647366758</color>
      <borderVisible>False</borderVisible>
      <groupChildrenDescriptors>
        <control controlID="69F8AC7F-2FB1-4EE4-86C8-CBA511D78D15" controlTypeID="Border" x="0" y="0" w="1980" h="311" zOrder="0">
          <borderVisible>False</borderVisible>
          <alias>borderLayer</alias>
        </control>
      </groupChildrenDescriptors>
      <thinkness>1</thinkness>
    </control>
    <control controlID="8081EECD-D6E3-4506-A9CD-34467FAFBAF6" controlTypeID="Panel" x="0" y="131" w="1980" h="124" zOrder="1">
      <color>16777215</color>
      <groupChildrenDescriptors>
        <control controlID="2C7FCA00-4977-4FCE-9C55-30775F289FF9" controlTypeID="Border" x="0" y="0" w="1980" h="124" zOrder="0">
          <alias>borderLayer</alias>
        </control>
      </groupChildrenDescriptors>
      <thinkness>1</thinkness>
    </control>
    <control controlID="D8A19900-A348-477D-867B-D243A4DDEA45" controlTypeID="Button" x="1141" y="173" w="240" h="40" zOrder="2">
      <caption>Sign+In</caption>
      <color>4278216447</color>
      <borderColor>2486409727</borderColor>
      <font family="Titillium+Web" displayName="Titillium+Web_%26_Bold" postScript="" weightStyle="Bold" weight="700" isBold="True" isItalic="False"/>
      <text>Sign+In</text>
      <textColor>4294967295</textColor>
      <lineSpacing>0</lineSpacing>
      <textStyles>[fsBold]</textStyles>
      <selectedIndex>-1</selectedIndex>
      <radius>4</radius>
    </control>
    <control controlID="CD3B73E7-4CD7-47FD-9CBC-075629BEC453" controlTypeID="TextInput" x="582" y="173" w="240" h="40" zOrder="3">
      <caption>User+Text+Input</caption>
      <font family="Titillium+Web" displayName="Titillium+Web+Regular" postScript="" weightStyle="Regular" weight="400" isBold="False" isItalic="False"/>
      <lineSpacing>0</lineSpacing>
      <selectedIndex>-1</selectedIndex>
      <placeHolder>Enter+Username</placeHolder>
    </control>
    <control controlID="5906E7D9-6BCD-49BF-A16D-5D585BE7FB12" controlTypeID="TextInput" x="860" y="173" w="240" h="40" zOrder="4">
      <caption>Pass+Text+Input</caption>
      <font family="Titillium+Web" displayName="Titillium+Web+Regular" postScript="" weightStyle="Regular" weight="400" isBold="False" isItalic="False"/>
      <lineSpacing>0</lineSpacing>
      <selectedIndex>-1</selectedIndex>
      <placeHolder>Enter+Password</placeHolder>
    </control>
    <control controlID="4ABDB29C-D91D-4ECA-A2F5-D239E8F4B56B" controlTypeID="Label" x="582" y="142" w="61" h="22" zOrder="5">
      <caption>U+Name+Label</caption>
      <font family="Titillium+Web" displayName="Titillium+Web+Regular" postScript="" weightStyle="Regular" weight="400" isBold="False" isItalic="False"/>
      <text>Username</text>
      <lineSpacing>0</lineSpacing>
      <selectedIndex>-1</selectedIndex>
    </control>
    <control controlID="1B1B9E37-06FC-4B78-A0BD-AFB3FD14DA97" controlTypeID="Label" x="860" y="142" w="58" h="22" zOrder="6">
      <caption>PW+Label</caption>
      <font family="Titillium+Web" displayName="Titillium+Web+Regular" postScript="" weightStyle="Regular" weight="400" isBold="False" isItalic="False"/>
      <text>Password</text>
      <lineSpacing>0</lineSpacing>
      <selectedIndex>-1</selectedIndex>
    </control>
    <control controlID="C0483231-8C39-400B-A6D9-BCA30021BB6A" controlTypeID="Link" x="860" y="223" w="185" h="22" zOrder="7">
      <caption>Forgot+Link</caption>
      <font family="Titillium+Web" displayName="Titillium+Web+Regular" postScript="" weightStyle="Regular" weight="400" isBold="False" isItalic="False"/>
      <text>Forgot+Username+or+Password%3F</text>
      <textSize>14</textSize>
      <lineSpacing>0</lineSpacing>
      <selectedIndex>-1</selectedIndex>
    </control>
    <control controlID="DD7900C2-0A09-458A-B12D-62E3225D8B47" controlTypeID="CheckBox" x="582" y="223" w="140" h="22" zOrder="8">
      <caption>Remember+Me</caption>
      <font family="Titillium+Web" displayName="Titillium+Web+Regular" postScript="" weightStyle="Regular" weight="400" isBold="False" isItalic="False"/>
      <text>Remember+Me</text>
      <lineSpacing>0</lineSpacing>
      <selectedIndex>-1</selectedIndex>
    </control>
    <control controlID="8A262E02-6B16-41E4-AC3E-E6755ED4FC8B" controlTypeID="ImageCarousel" x="458" y="284" w="1057" h="535" zOrder="9">
      <caption>Center+Image+Carousel</caption>
      <groupChildrenDescriptors/>
    </control>
    <control controlID="5C89CD9F-AE2A-48E2-A2C4-E0C475645DCD" controlTypeID="Image" x="20" y="284" w="400" h="535" zOrder="10">
      <caption>Covid+Info</caption>
    </control>
    <control controlID="767A89C4-5B39-4E46-99CC-4417831016FC" controlTypeID="Image" x="1544" y="284" w="400" h="535" zOrder="11">
      <caption>Credit+Check</caption>
    </control>
    <control controlID="5502B7FF-6887-4139-B1FD-6CE268D8C3A4" controlTypeID="IconButton2" x="1684" y="1520" w="38" h="38" zOrder="12">
      <caption>IG</caption>
      <groupChildrenDescriptors>
        <control controlID="FF1E1DB4-8786-4212-A5B3-1ADE3E74BDBF" controlTypeID="Shape" x="0" y="0" w="38" h="38" zOrder="0">
          <canMove>False</canMove>
          <alias>shape</alias>
          <font family="Titillium+Web" displayName="Titillium+Web+Regular" postScript="" weightStyle="Regular" weight="400" isBold="False" isItalic="False"/>
          <textSize>14</textSize>
          <selectedIndex>-1</selectedIndex>
          <shapeBorderType>SbEllipse</shapeBorderType>
        </control>
        <control controlID="AC3330F2-EDB8-44F1-A37D-A123AFB39C51" controlTypeID="Icon" x="7" y="7" w="24" h="24" zOrder="1">
          <canMove>False</canMove>
          <alias>icon</alias>
          <icon>
            <ID/>
            <iconFontName>jdIonicons</iconFontName>
            <iconCode>62289</iconCode>
          </icon>
          <URL>1125624F26FF3DC2C6BBE373652F6D4E.svg</URL>
        </control>
        <control controlID="7AC822BD-5371-4DAB-A6F3-1ACD4C096721" controlTypeID="Label" x="-1" y="-2" w="31" h="22" zOrder="2">
          <canMove>False</canMove>
          <alias>label</alias>
          <font family="Titillium+Web" displayName="Titillium+Web+Regular" postScript="" weightStyle="Regular" weight="400" isBold="False" isItalic="False"/>
          <text>Label</text>
          <textAlign>HaCenter</textAlign>
          <lineSpacing>0</lineSpacing>
          <selectedIndex>-1</selectedIndex>
        </control>
        <control controlID="34C737F1-957C-4713-B6FE-5214F105101F" controlTypeID="Shape" x="24" y="0" w="14" h="13" zOrder="3">
          <color>4294901760</color>
          <borderVisible>False</borderVisible>
          <canMove>False</canMove>
          <alias>alarm</alias>
          <font family="Titillium+Web" displayName="Titillium+Web+Regular" postScript="" weightStyle="Regular" weight="400" isBold="False" isItalic="False"/>
          <text>2</text>
          <textColor>4294967295</textColor>
          <textSize>8</textSize>
          <selectedIndex>-1</selectedIndex>
          <radius>100</radius>
          <radiusIsPercent>True</radiusIsPercent>
        </control>
      </groupChildrenDescriptors>
    </control>
    <control controlID="17091272-E03D-4AF5-ABD7-BA29F6249DD6" controlTypeID="IconButton2" x="1732" y="1520" w="38" h="38" zOrder="13">
      <caption>TW</caption>
      <groupChildrenDescriptors>
        <control controlID="892334C8-0B7A-4383-A771-4F203932353A" controlTypeID="Shape" x="0" y="0" w="38" h="38" zOrder="0">
          <canMove>False</canMove>
          <alias>shape</alias>
          <font family="Titillium+Web" displayName="Titillium+Web+Regular" postScript="" weightStyle="Regular" weight="400" isBold="False" isItalic="False"/>
          <textSize>14</textSize>
          <selectedIndex>-1</selectedIndex>
          <shapeBorderType>SbEllipse</shapeBorderType>
        </control>
        <control controlID="DF27F85B-40FA-4361-AC5E-502EFC8B7FBE" controlTypeID="Icon" x="7" y="7" w="24" h="24" zOrder="1">
          <canMove>False</canMove>
          <alias>icon</alias>
          <icon>
            <ID/>
            <iconFontName>jdIonicons</iconFontName>
            <iconCode>62018</iconCode>
          </icon>
          <URL>F1FBFA57C1F0D615C8F4EC42B281654D.svg</URL>
        </control>
        <control controlID="5B592FF2-F5DD-4EF9-A767-56BFC2CD9760" controlTypeID="Label" x="-1" y="-2" w="31" h="22" zOrder="2">
          <canMove>False</canMove>
          <alias>label</alias>
          <font family="Titillium+Web" displayName="Titillium+Web+Regular" postScript="" weightStyle="Regular" weight="400" isBold="False" isItalic="False"/>
          <text>Label</text>
          <textAlign>HaCenter</textAlign>
          <lineSpacing>0</lineSpacing>
          <selectedIndex>-1</selectedIndex>
        </control>
        <control controlID="2202AF89-27C5-4FB0-A807-58CE272BF587" controlTypeID="Shape" x="24" y="0" w="14" h="13" zOrder="3">
          <color>4294901760</color>
          <borderVisible>False</borderVisible>
          <canMove>False</canMove>
          <alias>alarm</alias>
          <font family="Titillium+Web" displayName="Titillium+Web+Regular" postScript="" weightStyle="Regular" weight="400" isBold="False" isItalic="False"/>
          <text>2</text>
          <textColor>4294967295</textColor>
          <textSize>8</textSize>
          <selectedIndex>-1</selectedIndex>
          <radius>100</radius>
          <radiusIsPercent>True</radiusIsPercent>
        </control>
      </groupChildrenDescriptors>
    </control>
    <control controlID="F19CB662-DE33-4E22-AB1E-A8DE612036C7" controlTypeID="IconButton2" x="1778" y="1520" w="38" h="38" zOrder="14">
      <caption>FB</caption>
      <groupChildrenDescriptors>
        <control controlID="8B9890C1-DDDD-4A24-AECE-B7D55EB27222" controlTypeID="Shape" x="0" y="0" w="38" h="38" zOrder="0">
          <canMove>False</canMove>
          <alias>shape</alias>
          <font family="Titillium+Web" displayName="Titillium+Web+Regular" postScript="" weightStyle="Regular" weight="400" isBold="False" isItalic="False"/>
          <textSize>14</textSize>
          <selectedIndex>-1</selectedIndex>
          <shapeBorderType>SbEllipse</shapeBorderType>
        </control>
        <control controlID="EA7BA521-7A91-43A4-A1C0-1F482B2417D8" controlTypeID="Icon" x="7" y="7" w="24" h="24" zOrder="1">
          <canMove>False</canMove>
          <alias>icon</alias>
          <icon>
            <ID/>
            <iconFontName>jdIonicons</iconFontName>
            <iconCode>62001</iconCode>
          </icon>
          <URL>29F37D064345EFF092FDE43A909201C4.svg</URL>
        </control>
        <control controlID="1D2AB044-A870-456E-B73A-9CAD7B72D5FF" controlTypeID="Label" x="-1" y="-2" w="31" h="22" zOrder="2">
          <canMove>False</canMove>
          <alias>label</alias>
          <font family="Titillium+Web" displayName="Titillium+Web+Regular" postScript="" weightStyle="Regular" weight="400" isBold="False" isItalic="False"/>
          <text>Label</text>
          <textAlign>HaCenter</textAlign>
          <lineSpacing>0</lineSpacing>
          <selectedIndex>-1</selectedIndex>
        </control>
        <control controlID="87C19144-0902-4132-B277-1235BAF70B20" controlTypeID="Shape" x="24" y="0" w="14" h="13" zOrder="3">
          <color>4294901760</color>
          <borderVisible>False</borderVisible>
          <canMove>False</canMove>
          <alias>alarm</alias>
          <font family="Titillium+Web" displayName="Titillium+Web+Regular" postScript="" weightStyle="Regular" weight="400" isBold="False" isItalic="False"/>
          <text>2</text>
          <textColor>4294967295</textColor>
          <textSize>8</textSize>
          <selectedIndex>-1</selectedIndex>
          <radius>100</radius>
          <radiusIsPercent>True</radiusIsPercent>
        </control>
      </groupChildrenDescriptors>
    </control>
    <control controlID="8EC22BAB-861C-42BB-8A31-DBFF8941333B" controlTypeID="IconButton2" x="1826" y="1520" w="38" h="38" zOrder="15">
      <caption>In</caption>
      <groupChildrenDescriptors>
        <control controlID="DA04E94F-7095-4B72-9740-D2DDCAAE3022" controlTypeID="Shape" x="0" y="0" w="38" h="38" zOrder="0">
          <canMove>False</canMove>
          <alias>shape</alias>
          <font family="Titillium+Web" displayName="Titillium+Web+Regular" postScript="" weightStyle="Regular" weight="400" isBold="False" isItalic="False"/>
          <textSize>14</textSize>
          <selectedIndex>-1</selectedIndex>
          <shapeBorderType>SbEllipse</shapeBorderType>
        </control>
        <control controlID="C3717254-B213-4DB5-984C-498C697CA381" controlTypeID="Icon" x="7" y="7" w="24" h="24" zOrder="1">
          <canMove>False</canMove>
          <alias>icon</alias>
          <icon>
            <ID/>
            <iconFontName>jdFontAwesome</iconFontName>
            <iconCode>61665</iconCode>
          </icon>
          <URL>74B6E108F958848EA2B2DD7D6EC8692F.svg</URL>
        </control>
        <control controlID="2476C087-1AF6-413D-8170-AAC78BCB167E" controlTypeID="Label" x="-1" y="-2" w="31" h="22" zOrder="2">
          <canMove>False</canMove>
          <alias>label</alias>
          <font family="Titillium+Web" displayName="Titillium+Web+Regular" postScript="" weightStyle="Regular" weight="400" isBold="False" isItalic="False"/>
          <text>Label</text>
          <textAlign>HaCenter</textAlign>
          <lineSpacing>0</lineSpacing>
          <selectedIndex>-1</selectedIndex>
        </control>
        <control controlID="11F9ABB7-63BA-4DE4-9A4F-246AA3E8EF78" controlTypeID="Shape" x="24" y="0" w="14" h="13" zOrder="3">
          <color>4294901760</color>
          <borderVisible>False</borderVisible>
          <canMove>False</canMove>
          <alias>alarm</alias>
          <font family="Titillium+Web" displayName="Titillium+Web+Regular" postScript="" weightStyle="Regular" weight="400" isBold="False" isItalic="False"/>
          <text>2</text>
          <textColor>4294967295</textColor>
          <textSize>8</textSize>
          <selectedIndex>-1</selectedIndex>
          <radius>100</radius>
          <radiusIsPercent>True</radiusIsPercent>
        </control>
      </groupChildrenDescriptors>
    </control>
    <control controlID="4CBE018F-0C9C-4C87-B55B-0DFDF8844B72" controlTypeID="IconButton2" x="1874" y="1520" w="38" h="38" zOrder="16">
      <caption>YT</caption>
      <groupChildrenDescriptors>
        <control controlID="1CF7E83D-D557-4FCC-9747-25C66AEF62F0" controlTypeID="Shape" x="0" y="0" w="38" h="38" zOrder="0">
          <canMove>False</canMove>
          <alias>shape</alias>
          <font family="Titillium+Web" displayName="Titillium+Web+Regular" postScript="" weightStyle="Regular" weight="400" isBold="False" isItalic="False"/>
          <textSize>14</textSize>
          <selectedIndex>-1</selectedIndex>
          <shapeBorderType>SbEllipse</shapeBorderType>
        </control>
        <control controlID="0E8659E8-8D24-406C-815F-913E982051DB" controlTypeID="Icon" x="7" y="7" w="24" h="24" zOrder="1">
          <canMove>False</canMove>
          <alias>icon</alias>
          <icon>
            <ID/>
            <iconFontName>jdIonicons</iconFontName>
            <iconCode>62028</iconCode>
          </icon>
          <URL>FE1032043403F880231675C8126B6ED2.svg</URL>
        </control>
        <control controlID="BA705312-682D-47D5-BA5B-CC4B4381B5A2" controlTypeID="Label" x="-1" y="-2" w="31" h="22" zOrder="2">
          <canMove>False</canMove>
          <alias>label</alias>
          <font family="Titillium+Web" displayName="Titillium+Web+Regular" postScript="" weightStyle="Regular" weight="400" isBold="False" isItalic="False"/>
          <text>Label</text>
          <textAlign>HaCenter</textAlign>
          <lineSpacing>0</lineSpacing>
          <selectedIndex>-1</selectedIndex>
        </control>
        <control controlID="BE06041D-88E6-47E8-BBDE-113D0B6B6B5A" controlTypeID="Shape" x="24" y="0" w="14" h="13" zOrder="3">
          <color>4294901760</color>
          <borderVisible>False</borderVisible>
          <canMove>False</canMove>
          <alias>alarm</alias>
          <font family="Titillium+Web" displayName="Titillium+Web+Regular" postScript="" weightStyle="Regular" weight="400" isBold="False" isItalic="False"/>
          <text>2</text>
          <textColor>4294967295</textColor>
          <textSize>8</textSize>
          <selectedIndex>-1</selectedIndex>
          <radius>100</radius>
          <radiusIsPercent>True</radiusIsPercent>
        </control>
      </groupChildrenDescriptors>
    </control>
    <control controlID="F02C116D-E304-4C4D-9488-B4DA51C22A9A" controlTypeID="Panel" x="0" y="1806" w="1980" h="94" zOrder="17">
      <caption>Footer</caption>
      <color>1248224870</color>
      <borderColor>4281571839</borderColor>
      <borderVisible>False</borderVisible>
      <groupChildrenDescriptors>
        <control controlID="114972F4-0EF7-415C-BAF6-1A8B50D1E0B6" controlTypeID="Border" x="0" y="0" w="1980" h="94" zOrder="0">
          <borderColor>4281571839</borderColor>
          <borderVisible>False</borderVisible>
          <alias>borderLayer</alias>
        </control>
      </groupChildrenDescriptors>
      <thinkness>1</thinkness>
    </control>
    <control controlID="38A7A727-5FB8-40F4-A409-C50305318F7E" controlTypeID="Icon" x="33" y="1846" w="13" h="13" zOrder="18">
      <caption>Copyright+Icon</caption>
      <color>4278190080</color>
      <icon>
        <ID/>
        <iconFontName>jdFontAwesome</iconFontName>
        <iconCode>61945</iconCode>
      </icon>
      <URL>A71E98588E066F88C73CF2B4E3CFBB82.svg</URL>
    </control>
    <control controlID="E73933B1-3B5E-4CAD-9BA4-6BC8066E81D9" controlTypeID="Label" x="46" y="1841" w="99" h="22" zOrder="19">
      <caption>Copyright+Label</caption>
      <color>16777215</color>
      <font family="Titillium+Web" displayName="Titillium+Web+Regular" postScript="" weightStyle="Regular" weight="400" isBold="False" isItalic="False"/>
      <text>2021+Merit+Bank</text>
      <lineSpacing>0</lineSpacing>
      <selectedIndex>-1</selectedIndex>
    </control>
    <control controlID="ED9DD3A3-C60B-41C9-B446-42A072A53663" controlTypeID="Panel" x="0" y="837" w="1980" h="642" zOrder="20">
      <caption>Info+Panel+Footer</caption>
      <color>638479516</color>
      <borderVisible>False</borderVisible>
      <groupChildrenDescriptors>
        <control controlID="13A468CB-EEE8-4C96-8B8D-D87E6E37DE2F" controlTypeID="Border" x="0" y="0" w="1980" h="642" zOrder="0">
          <borderVisible>False</borderVisible>
          <alias>borderLayer</alias>
        </control>
      </groupChildrenDescriptors>
      <thinkness>1</thinkness>
    </control>
    <control controlID="D0FCD265-6DB6-4BD6-9290-15E6B98DA797" controlTypeID="Tabs" x="612" y="40" w="688" h="43" zOrder="21">
      <caption>Main+Tab+Bar</caption>
      <borderVisible>False</borderVisible>
      <links eventType="AtClick" animate="AmNone" animateAutoDelay="0" animateDuration="500">
        <link targetPageID="D2DDBCA1-0CB9-427B-8636-8F6020961B82" linkType="ltPageLink" isApplyIncludePage="False" title="Home">
          <area shape="0" alt="" ID="{06E38E06-7068-4746-9762-F5D45366AA0F}" coords="(0,0,136.600006103516,43)"/>
        </link>
        <link targetPageID="F13FBF6C-CF18-42B4-80F0-BF9E6CA4C5A8" linkType="ltPageLink" isApplyIncludePage="False" title="Checking+%26+Savings">
          <area shape="0" alt="" ID="{A6842318-5839-4224-B850-921AC5B97DE1}" coords="(137.600006103516,0,274.200012207031,43)"/>
        </link>
        <link targetPageID="F13FBF6C-CF18-42B4-80F0-BF9E6CA4C5A8" linkType="ltPageLink" isApplyIncludePage="False" title="CD">
          <area shape="0" alt="" ID="{53F59057-32A4-482A-8C49-55385A2C9CF8}" coords="(275.200012207031,0,411.800018310547,43)"/>
        </link>
        <link targetPageID="61150120-D02D-4CBA-A86E-8C6F8F939C9F" linkType="ltPageLink" isApplyIncludePage="False" title="IRA">
          <area shape="0" alt="" ID="{BAD13E8C-9A7E-43E9-BCBB-3641C74F9601}" coords="(412.800018310547,0,549.400024414063,43)"/>
        </link>
        <link targetPageID="FC43F737-24FF-4264-B96A-0696023DBAA0" linkType="ltPageLink" isApplyIncludePage="False" title="About+Us">
          <area shape="0" alt="" ID="{F02F7F3E-BDBE-4D29-BB47-C7B9BF60E811}" coords="(550.400024414063,0,687,43)"/>
        </link>
      </links>
      <font family="Segoe+UI" displayName="Segoe+UI" postScript="" weightStyle="Regular" weight="400" isBold="False" isItalic="False" useDefaultFontFamily="False"/>
      <text>Home%2CChecking+%26+Savings%2CCD%2CIRA%2CAbout+Us</text>
      <textColor>4288256409</textColor>
      <textSize>14</textSize>
      <lineSpacing>0</lineSpacing>
      <selectedColor>4281571839</selectedColor>
      <indicatorPercentWidth>50</indicatorPercentWidth>
      <dividerPercentHeight>0</dividerPercentHeight>
    </control>
    <control controlID="6CB49A1E-9E26-45A6-84E8-3C88E1FAA938" controlTypeID="Image" x="20" y="14" w="470" h="95" zOrder="22">
      <caption>MertiBank+Logo</caption>
      <URL>786FCE6C0F81FF13A1ED1534018F7459.jpeg</URL>
    </control>
    <control controlID="04B5E35B-08C7-4B3C-B83E-D1F9018E59A8" controlTypeID="Button" x="910" y="625" w="144" h="40" zOrder="23">
      <caption>Sign+Up</caption>
      <color>4278216447</color>
      <borderColor>2486409727</borderColor>
      <interactiveData>
        <entry title="">
          <area shape="0" alt="" ID="{8DE51DC9-0244-4D81-8D14-72CA4A73332D}" coords="(0,0,144,40)"/>
          <events title="">
            <event eventType="atClick" isChecked="True">
              <behaviour title="" isChecked="True" isWait="False" isLoop="False" execMode="emParallel">
                <target targetID="2E6378B9-F6B9-44BE-B36D-A0D268B65B82" isChecked="True" isAutoRecovery="False" isLoop="False" execMode="emSequence">
                  <command name="Popup State Change" isChecked="True" descrition="">
                    <param name="AniInterpolation" value="0" varType="3" description=""/>
                    <param name="AniDuration" value="200" varType="3" description=""/>
                    <param name="AniAutoReverse" value="False" varType="11" description=""/>
                    <param name="AniLoop" value="False" varType="11" description=""/>
                    <param name="AniInterpolationTypeOut" value="False" varType="11" description=""/>
                    <param name="Delay" value="0" varType="3" description=""/>
                    <param name="Value" value="2" varType="3" description=""/>
                    <param name="AniType" value="0" varType="3" description=""/>
                  </command>
                </target>
              </behaviour>
            </event>
          </events>
        </entry>
      </interactiveData>
      <font family="Titillium+Web" displayName="Titillium+Web_%26_Bold" postScript="" weightStyle="Bold" weight="700" isBold="True" isItalic="False"/>
      <text>Register+Now!</text>
      <textColor>4294967295</textColor>
      <lineSpacing>0</lineSpacing>
      <textStyles>[fsBold]</textStyles>
      <selectedIndex>-1</selectedIndex>
      <radius>4</radius>
    </control>
    <control controlID="452EFD47-1181-4AC3-AE58-DB9E651C7145" controlTypeID="Link" x="1141" y="223" w="222" h="22" zOrder="24">
      <caption>Sign+Up+Link</caption>
      <font family="Titillium+Web" displayName="Titillium+Web+Regular" postScript="" weightStyle="Regular" weight="400" isBold="False" isItalic="False"/>
      <text>Don't+Have+An+Account%3F+Sign+Up+Now!</text>
      <textSize>14</textSize>
      <lineSpacing>0</lineSpacing>
      <selectedIndex>-1</selectedIndex>
    </control>
    <control controlID="9C9FD121-D6D0-438B-BF60-F5807540057C" controlTypeID="AvatarEx2" x="1711" y="20" w="68" h="68" zOrder="25">
      <interactiveData>
        <entry title="">
          <area shape="0" alt="" ID="{FC968A9C-7092-4740-9D67-157C91B78B62}" coords="(0,0,68,68)"/>
          <events title="">
            <event eventType="atClick" isChecked="True">
              <behaviour title="" isChecked="True" isWait="False" isLoop="False" execMode="emParallel">
                <target targetID="976C161B-ADDE-4E6D-B95C-DF3ECE362D24" isChecked="True" isAutoRecovery="False" isLoop="False" execMode="emSequence">
                  <command name="Change Visibility" isChecked="True" descrition="">
                    <param name="AniInterpolation" value="1" varType="3" description=""/>
                    <param name="AniDuration" value="100" varType="4" description=""/>
                    <param name="AniAutoReverse" value="False" varType="11" description=""/>
                    <param name="AniLoop" value="False" varType="11" description=""/>
                    <param name="AniInterpolationTypeOut" value="False" varType="11" description=""/>
                    <param name="Delay" value="0" varType="3" description=""/>
                    <param name="ValueFromCurrent" value="True" varType="11" description=""/>
                    <param name="ForceFromInitValue" value="False" varType="11" description=""/>
                    <param name="ForceSetVisible" value="False" varType="11" description=""/>
                    <param name="Value" value="2" varType="3" description=""/>
                    <param name="TerminateLoopByClick" value="True" varType="11" description=""/>
                  </command>
                </target>
              </behaviour>
            </event>
          </events>
        </entry>
      </interactiveData>
      <icon>
        <ID/>
        <iconFontName>jdiconfontB</iconFontName>
        <iconCode>59652</iconCode>
      </icon>
      <URL>467605F5F90D9FF65132C1A6EF883F26.svg</URL>
    </control>
    <control controlID="A23B6CC1-50C0-4DE5-AD42-D6E4F43C57BA" controlTypeID="Icon" x="1789" y="36" w="46" h="46" zOrder="26">
      <interactiveData>
        <entry title="">
          <area shape="0" alt="" ID="{667A8D61-FAC7-4544-9781-1AB3741AF01D}" coords="(0,0,46,46)"/>
          <events title="">
            <event eventType="atClick" isChecked="True">
              <behaviour title="" isChecked="True" isWait="False" isLoop="False" execMode="emParallel">
                <target targetID="976C161B-ADDE-4E6D-B95C-DF3ECE362D24" isChecked="True" isAutoRecovery="False" isLoop="False" execMode="emSequence">
                  <command name="Change Visibility" isChecked="True" descrition="">
                    <param name="AniInterpolation" value="1" varType="3" description=""/>
                    <param name="AniDuration" value="100" varType="4" description=""/>
                    <param name="AniAutoReverse" value="False" varType="11" description=""/>
                    <param name="AniLoop" value="False" varType="11" description=""/>
                    <param name="AniInterpolationTypeOut" value="False" varType="11" description=""/>
                    <param name="Delay" value="0" varType="3" description=""/>
                    <param name="ValueFromCurrent" value="True" varType="11" description=""/>
                    <param name="ForceFromInitValue" value="False" varType="11" description=""/>
                    <param name="ForceSetVisible" value="False" varType="11" description=""/>
                    <param name="Value" value="2" varType="3" description=""/>
                    <param name="TerminateLoopByClick" value="True" varType="11" description=""/>
                  </command>
                </target>
              </behaviour>
            </event>
          </events>
        </entry>
      </interactiveData>
      <icon>
        <ID/>
        <iconFontName>jdIonicons</iconFontName>
        <iconCode>61700</iconCode>
      </icon>
      <URL>6420A7D9EEE96BBF5CAB6266A1E591F5.svg</URL>
    </control>
    <control controlID="976C161B-ADDE-4E6D-B95C-DF3ECE362D24" controlTypeID="Table" x="1613" y="110" w="190" h="103" zOrder="27">
      <caption>Drop+Down+Table</caption>
      <borderColor>1164338790</borderColor>
      <font family="Titillium+Web" displayName="Titillium+Web+Regular" postScript="" weightStyle="Regular" weight="400" isBold="False" isItalic="False"/>
      <text>Account+Settings%09Log+Out</text>
      <textSize>14</textSize>
      <textAlign>HaCenter</textAlign>
      <lineSpacing>0</lineSpacing>
      <useDefaultTextSize>False</useDefaultTextSize>
      <thickness>1</thickness>
      <dashMode>SdSolid</dashMode>
      <tableStyle>tsNone</tableStyle>
      <fontSize>18</fontSize>
      <fontFamily/>
      <fontWeight>Regular</fontWeight>
      <textStyles>[]</textStyles>
      <cells>
        <cell rows="0,0" cols="0,0">
          <fontSize>18</fontSize>
          <fontFamily>Titillium+Web</fontFamily>
          <fontWeight>Regular</fontWeight>
          <textStyles>[]</textStyles>
          <text>Account+Settings</text>
          <textHeight>40</textHeight>
          <font family="Titillium+Web" displayName="Titillium+Web+Regular" postScript="" weightStyle="Regular" weight="400" isBold="False" isItalic="False"/>
        </cell>
        <cell rows="1,1" cols="0,0">
          <fontSize>18</fontSize>
          <fontFamily>Titillium+Web</fontFamily>
          <fontWeight>Regular</fontWeight>
          <textStyles>[]</textStyles>
          <text>Log+Out</text>
          <textHeight>40</textHeight>
          <font family="Titillium+Web" displayName="Titillium+Web+Regular" postScript="" weightStyle="Regular" weight="400" isBold="False" isItalic="False"/>
        </cell>
      </cells>
      <rows>
        <row height="50">
          <fontSize>18</fontSize>
          <fontFamily/>
          <fontWeight>Regular</fontWeight>
          <textStyles>[]</textStyles>
          <isAutoRowHeight>False</isAutoRowHeight>
        </row>
        <row height="53">
          <fontSize>18</fontSize>
          <fontFamily/>
          <fontWeight>Regular</fontWeight>
          <textStyles>[]</textStyles>
          <isAutoRowHeight>False</isAutoRowHeight>
        </row>
      </rows>
      <cols>
        <col width="190">
          <fontSize>18</fontSize>
          <fontFamily/>
          <fontWeight>Regular</fontWeight>
          <textStyles>[]</textStyles>
        </col>
      </cols>
    </control>
    <control controlID="AD0D1075-3CFD-44C3-B6D2-A1BFF8CF2587" controlTypeID="Label" x="30" y="1573" w="114" h="37" zOrder="28">
      <font family="Titillium+Web" displayName="Titillium+Web_%26_Bold" postScript="" weightStyle="Bold" weight="700" isBold="True" isItalic="False"/>
      <text>PRODUCTS</text>
      <textColor>4294967295</textColor>
      <textSize>24</textSize>
      <lineSpacing>0</lineSpacing>
      <textStyles>[fsBold]</textStyles>
      <useDefaultTextSize>False</useDefaultTextSize>
    </control>
    <control controlID="D459F5EB-B980-4C96-B4CD-F8E6B8D5003C" controlTypeID="Label" x="317" y="1572" w="181" h="37" zOrder="29">
      <font family="Titillium+Web" displayName="Titillium+Web_%26_Bold" postScript="" weightStyle="Bold" weight="700" isBold="True" isItalic="False"/>
      <text>GET+TO+KNOW+US</text>
      <textColor>4294967295</textColor>
      <textSize>24</textSize>
      <lineSpacing>0</lineSpacing>
      <textStyles>[fsBold]</textStyles>
      <useDefaultTextSize>False</useDefaultTextSize>
      <selectedIndex>-1</selectedIndex>
    </control>
    <control controlID="F8A5A07D-ADA2-44A1-ADD9-E29A01C128F4" controlTypeID="Label" x="630" y="1572" w="46" h="37" zOrder="30">
      <font family="Titillium+Web" displayName="Titillium+Web_%26_Bold" postScript="" weightStyle="Bold" weight="700" isBold="True" isItalic="False"/>
      <text>ATM</text>
      <textColor>4294967295</textColor>
      <textSize>24</textSize>
      <lineSpacing>0</lineSpacing>
      <textStyles>[fsBold]</textStyles>
      <useDefaultTextSize>False</useDefaultTextSize>
      <selectedIndex>-1</selectedIndex>
    </control>
    <control controlID="A8E97941-3D36-4F3C-8B07-D50554EC6FCF" controlTypeID="Label" x="818" y="1572" w="65" h="37" zOrder="31">
      <font family="Titillium+Web" displayName="Titillium+Web_%26_Bold" postScript="" weightStyle="Bold" weight="700" isBold="True" isItalic="False"/>
      <text>LEGAL</text>
      <textColor>4294967295</textColor>
      <textSize>24</textSize>
      <lineSpacing>0</lineSpacing>
      <textStyles>[fsBold]</textStyles>
      <useDefaultTextSize>False</useDefaultTextSize>
      <selectedIndex>-1</selectedIndex>
    </control>
    <control controlID="899FC514-554B-4033-A366-DBBC07D16D85" controlTypeID="Label" x="1024" y="1573" w="100" h="37" zOrder="32">
      <font family="Titillium+Web" displayName="Titillium+Web_%26_Bold" postScript="" weightStyle="Bold" weight="700" isBold="True" isItalic="False"/>
      <text>SUPPORT</text>
      <textColor>4294967295</textColor>
      <textSize>24</textSize>
      <lineSpacing>0</lineSpacing>
      <textStyles>[fsBold]</textStyles>
      <useDefaultTextSize>False</useDefaultTextSize>
      <selectedIndex>-1</selectedIndex>
    </control>
    <control controlID="B070E301-611A-4C41-B00D-5C752CCF4FF6" controlTypeID="Image" x="20" y="1508" w="75" h="80" zOrder="33">
      <URL>96723FFC2048BE38DB53951FBF5220C8.png</URL>
    </control>
    <control controlID="A7CD3189-BB70-4FFB-B66C-853DEC837ACE" controlTypeID="Link" x="30" y="1620" w="141" h="25" zOrder="34">
      <font family="Titillium+Web" displayName="Titillium+Web+Regular" postScript="" weightStyle="Regular" weight="400" isBold="False" isItalic="False"/>
      <text>Certificate+of+Deposit</text>
      <textColor>4294967295</textColor>
      <textSize>16</textSize>
      <lineSpacing>0</lineSpacing>
      <textStyles>[]</textStyles>
      <useDefaultTextSize>False</useDefaultTextSize>
    </control>
    <control controlID="E9C45B1D-0409-4CFE-AE60-A9058E9DC682" controlTypeID="Link" x="30" y="1645" w="88" h="25" zOrder="35">
      <font family="Titillium+Web" displayName="Titillium+Web+Regular" postScript="" weightStyle="Regular" weight="400" isBold="False" isItalic="False"/>
      <text>IRA+Accounts</text>
      <textColor>4294967295</textColor>
      <textSize>16</textSize>
      <lineSpacing>0</lineSpacing>
      <textStyles>[]</textStyles>
      <useDefaultTextSize>False</useDefaultTextSize>
      <selectedIndex>-1</selectedIndex>
    </control>
    <control controlID="E756102B-0A0E-4A43-90F4-FD94BE3E20A0" controlTypeID="Link" x="317" y="1620" w="62" h="25" zOrder="36">
      <font family="Titillium+Web" displayName="Titillium+Web+Regular" postScript="" weightStyle="Regular" weight="400" isBold="False" isItalic="False"/>
      <text>About+Us</text>
      <textColor>4294967295</textColor>
      <textSize>16</textSize>
      <lineSpacing>0</lineSpacing>
      <textStyles>[]</textStyles>
      <useDefaultTextSize>False</useDefaultTextSize>
      <selectedIndex>-1</selectedIndex>
    </control>
    <control controlID="BFDDE785-D9ED-4F1F-8084-7300F86BB000" controlTypeID="Link" x="630" y="1620" w="99" h="25" zOrder="37">
      <font family="Titillium+Web" displayName="Titillium+Web+Regular" postScript="" weightStyle="Regular" weight="400" isBold="False" isItalic="False"/>
      <text>ATM+Locations</text>
      <textColor>4294967295</textColor>
      <textSize>16</textSize>
      <lineSpacing>0</lineSpacing>
      <textStyles>[]</textStyles>
      <useDefaultTextSize>False</useDefaultTextSize>
      <selectedIndex>-1</selectedIndex>
    </control>
    <control controlID="4B837784-15D3-43A1-B13E-C1E12F9E7F26" controlTypeID="Link" x="818" y="1620" w="49" h="25" zOrder="38">
      <font family="Titillium+Web" displayName="Titillium+Web+Regular" postScript="" weightStyle="Regular" weight="400" isBold="False" isItalic="False"/>
      <text>Privacy</text>
      <textColor>4294967295</textColor>
      <textSize>16</textSize>
      <lineSpacing>0</lineSpacing>
      <textStyles>[]</textStyles>
      <useDefaultTextSize>False</useDefaultTextSize>
      <selectedIndex>-1</selectedIndex>
    </control>
    <control controlID="3CD94007-A6D9-4E4D-9640-37308C0F37D6" controlTypeID="Link" x="1024" y="1620" w="73" h="25" zOrder="39">
      <font family="Titillium+Web" displayName="Titillium+Web+Regular" postScript="" weightStyle="Regular" weight="400" isBold="False" isItalic="False"/>
      <text>Contact+Us</text>
      <textColor>4294967295</textColor>
      <textSize>16</textSize>
      <lineSpacing>0</lineSpacing>
      <textStyles>[]</textStyles>
      <useDefaultTextSize>False</useDefaultTextSize>
      <selectedIndex>-1</selectedIndex>
    </control>
    <control controlID="699BA371-14A8-4494-B428-86455A24353F" controlTypeID="Image" x="1768" y="1824" w="75" h="55" zOrder="40">
      <URL>B8427336EE8A9EA8D89AF315F9BDD076.png</URL>
    </control>
    <control controlID="2E6378B9-F6B9-44BE-B36D-A0D268B65B82" controlTypeID="PopupPanel" x="679" y="619" w="46" h="46" zOrder="41">
      <groupChildrenDescriptors>
        <control controlID="897C18A4-808C-448F-BB60-82EB2E002B52" controlTypeID="Panel" x="0" y="0" w="1980" h="1900" zOrder="0">
          <locked>True</locked>
          <color>1879048192</color>
          <borderVisible>False</borderVisible>
          <canMove>False</canMove>
          <alias>background</alias>
          <groupChildrenDescriptors>
            <control controlID="94E7C3FF-088D-4CD7-BBF7-1C9940A4E28E" controlTypeID="Border" x="0" y="0" w="1980" h="1900" zOrder="0">
              <borderVisible>False</borderVisible>
              <alias>borderLayer</alias>
            </control>
          </groupChildrenDescriptors>
          <thinkness>1</thinkness>
        </control>
        <control controlID="AE6A2D5F-A5C0-4B4A-BDCE-0F9EAB84CB9C" controlTypeID="PopupPanelContent" x="742" y="348" w="500" h="679" zOrder="1">
          <color>16777215</color>
          <alias>content</alias>
          <groupChildrenDescriptors>
            <control controlID="DAE60036-E74A-4AFE-87A5-E0D1795FFBAC" controlTypeID="Panel" x="0" y="0" w="500" h="679" zOrder="0">
              <borderColor>4279135388</borderColor>
              <groupChildrenDescriptors>
                <control controlID="D971DB45-9CC1-4DBC-B581-1504BB1A37D6" controlTypeID="Border" x="0" y="0" w="500" h="679" zOrder="0">
                  <borderColor>4279135388</borderColor>
                  <alias>borderLayer</alias>
                  <thickness>2</thickness>
                </control>
              </groupChildrenDescriptors>
              <thinkness>2</thinkness>
            </control>
            <control controlID="E8F86DF4-D6DA-42CB-9B8F-04E1934CB1BC" controlTypeID="Button" x="128" y="569" w="240" h="56" zOrder="1">
              <caption>Sign+In</caption>
              <color>4278216447</color>
              <borderColor>2486409727</borderColor>
              <font family="Titillium+Web" displayName="Titillium+Web_%26_Bold" postScript="" weightStyle="Bold" weight="700" isBold="True" isItalic="False"/>
              <text>Sign+Up</text>
              <textColor>4294967295</textColor>
              <textSize>20</textSize>
              <lineSpacing>0</lineSpacing>
              <textStyles>[fsBold]</textStyles>
              <useDefaultTextSize>False</useDefaultTextSize>
              <selectedIndex>-1</selectedIndex>
              <radius>4</radius>
            </control>
            <control controlID="8FBDBA9A-BEFF-4A19-9CB7-4B2795D908EB" controlTypeID="TextInput" x="128" y="276" w="240" h="40" zOrder="2">
              <caption>Enter+name</caption>
              <font family="Titillium+Web" displayName="Titillium+Web+Regular" postScript="" weightStyle="Regular" weight="400" isBold="False" isItalic="False"/>
              <lineSpacing>0</lineSpacing>
              <selectedIndex>-1</selectedIndex>
              <placeHolder>Enter+Username</placeHolder>
            </control>
            <control controlID="8E899E5A-7004-4F89-9A4F-16554A882726" controlTypeID="TextInput" x="128" y="372" w="240" h="40" zOrder="3">
              <caption>Enter+pass</caption>
              <font family="Titillium+Web" displayName="Titillium+Web+Regular" postScript="" weightStyle="Regular" weight="400" isBold="False" isItalic="False"/>
              <lineSpacing>0</lineSpacing>
              <selectedIndex>-1</selectedIndex>
              <placeHolder>Enter+Password</placeHolder>
            </control>
            <control controlID="3EC2F9BB-D78D-4121-BAC8-DF86B95657CA" controlTypeID="Label" x="217" y="245" w="61" h="22" zOrder="4">
              <caption>User+name+</caption>
              <font family="Titillium+Web" displayName="Titillium+Web+Regular" postScript="" weightStyle="Regular" weight="400" isBold="False" isItalic="False"/>
              <text>Username</text>
              <lineSpacing>0</lineSpacing>
              <selectedIndex>-1</selectedIndex>
            </control>
            <control controlID="1DAE294B-1B92-45F4-9D13-C741274CE673" controlTypeID="Label" x="219" y="341" w="58" h="22" zOrder="5">
              <caption>User+pass</caption>
              <font family="Titillium+Web" displayName="Titillium+Web+Regular" postScript="" weightStyle="Regular" weight="400" isBold="False" isItalic="False"/>
              <text>Password</text>
              <lineSpacing>0</lineSpacing>
              <selectedIndex>-1</selectedIndex>
            </control>
            <control controlID="3511D634-CAA6-4691-986A-4061A76E7CDA" controlTypeID="TextInput" x="128" y="478" w="240" h="40" zOrder="6">
              <caption>Enter+email</caption>
              <font family="Titillium+Web" displayName="Titillium+Web+Regular" postScript="" weightStyle="Regular" weight="400" isBold="False" isItalic="False"/>
              <lineSpacing>0</lineSpacing>
              <selectedIndex>-1</selectedIndex>
              <placeHolder>Enter+Email</placeHolder>
            </control>
            <control controlID="CC954EF3-8D9B-49C2-8A3A-5241149A05ED" controlTypeID="Label" x="231" y="447" w="33" h="22" zOrder="7">
              <caption>email</caption>
              <font family="Titillium+Web" displayName="Titillium+Web+Regular" postScript="" weightStyle="Regular" weight="400" isBold="False" isItalic="False"/>
              <text>EMail</text>
              <lineSpacing>0</lineSpacing>
              <selectedIndex>-1</selectedIndex>
            </control>
            <control controlID="58D29924-3BFA-4C28-AFD5-F66DABE1AF97" controlTypeID="Image" x="138" y="56" w="220" h="220" zOrder="8">
              <caption>pop+up+logo</caption>
              <URL>96723FFC2048BE38DB53951FBF5220C8.png</URL>
            </control>
          </groupChildrenDescriptors>
        </control>
      </groupChildrenDescriptors>
    </control>
  </controls>
  <param>
    <backgroundColor>4294967295</backgroundColor>
    <fontSize>14</fontSize>
    <fontFamily>Titillium+Web</fontFamily>
    <guideLines/>
  </param>
</mockup>