﻿<mockup version="5.3" minAllowVersion="5.3" ID="F13FBF6C-CF18-42B4-80F0-BF9E6CA4C5A8" platform="MtWeb" defaultW="1980" defaultH="1900" measureW="1980" measureH="1450" mobileScreenScale="0">
  <controls controlCount="88">
    <control controlID="37550766-9B10-43FE-8581-188BE10F2C34" controlTypeID="AvatarEx2" x="1711" y="20" w="68" h="68" zOrder="0">
      <interactiveData>
        <entry title="">
          <area shape="0" alt="" ID="{FC968A9C-7092-4740-9D67-157C91B78B62}" coords="(0,0,68,68)"/>
          <events title="">
            <event eventType="atClick" isChecked="True">
              <behaviour title="" isChecked="True" isWait="False" isLoop="False" execMode="emParallel">
                <target targetID="57E9A954-0CCC-40DF-91DF-6E3D581702A8" isChecked="True" isAutoRecovery="False" isLoop="False" execMode="emSequence">
                  <command name="Change Visibility" isChecked="True" descrition="">
                    <param name="AniInterpolation" value="1" varType="3" description=""/>
                    <param name="AniDuration" value="100" varType="4" description=""/>
                    <param name="AniAutoReverse" value="False" varType="11" description=""/>
                    <param name="AniLoop" value="False" varType="11" description=""/>
                    <param name="AniInterpolationTypeOut" value="False" varType="11" description=""/>
                    <param name="Delay" value="0" varType="3" description=""/>
                    <param name="ValueFromCurrent" value="True" varType="11" description=""/>
                    <param name="ForceFromInitValue" value="False" varType="11" description=""/>
                    <param name="ForceSetVisible" value="False" varType="11" description=""/>
                    <param name="Value" value="2" varType="3" description=""/>
                    <param name="TerminateLoopByClick" value="True" varType="11" description=""/>
                  </command>
                </target>
              </behaviour>
            </event>
          </events>
        </entry>
      </interactiveData>
      <icon>
        <ID/>
        <iconFontName>jdiconfontB</iconFontName>
        <iconCode>59652</iconCode>
      </icon>
      <URL>467605F5F90D9FF65132C1A6EF883F26.svg</URL>
    </control>
    <control controlID="8D00473D-BA78-465D-B832-7ED50A81DCA7" controlTypeID="Icon" x="1789" y="36" w="46" h="46" zOrder="1">
      <interactiveData>
        <entry title="">
          <area shape="0" alt="" ID="{667A8D61-FAC7-4544-9781-1AB3741AF01D}" coords="(0,0,46,46)"/>
          <events title="">
            <event eventType="atClick" isChecked="True">
              <behaviour title="" isChecked="True" isWait="False" isLoop="False" execMode="emParallel">
                <target targetID="57E9A954-0CCC-40DF-91DF-6E3D581702A8" isChecked="True" isAutoRecovery="False" isLoop="False" execMode="emSequence">
                  <command name="Change Visibility" isChecked="True" descrition="">
                    <param name="AniInterpolation" value="1" varType="3" description=""/>
                    <param name="AniDuration" value="100" varType="4" description=""/>
                    <param name="AniAutoReverse" value="False" varType="11" description=""/>
                    <param name="AniLoop" value="False" varType="11" description=""/>
                    <param name="AniInterpolationTypeOut" value="False" varType="11" description=""/>
                    <param name="Delay" value="0" varType="3" description=""/>
                    <param name="ValueFromCurrent" value="True" varType="11" description=""/>
                    <param name="ForceFromInitValue" value="False" varType="11" description=""/>
                    <param name="ForceSetVisible" value="False" varType="11" description=""/>
                    <param name="Value" value="2" varType="3" description=""/>
                    <param name="TerminateLoopByClick" value="True" varType="11" description=""/>
                  </command>
                </target>
              </behaviour>
            </event>
          </events>
        </entry>
      </interactiveData>
      <icon>
        <ID/>
        <iconFontName>jdIonicons</iconFontName>
        <iconCode>61700</iconCode>
      </icon>
      <URL>6420A7D9EEE96BBF5CAB6266A1E591F5.svg</URL>
    </control>
    <control controlID="1D1378DA-C148-41E3-A72F-6852FB2CCAA0" controlTypeID="Shape" x="0" y="121" w="1980" h="341" zOrder="2">
      <caption>Welcome</caption>
      <font family="Titillium+Web" displayName="Titillium+Web+Regular" postScript="" weightStyle="Regular" weight="400" isBold="False" isItalic="False"/>
      <textSize>14</textSize>
      <selectedIndex>-1</selectedIndex>
    </control>
    <control controlID="0E70F1F1-154C-4C01-A027-30663BA7086C" controlTypeID="Panel" x="37" y="493" w="757" h="262" zOrder="3">
      <caption>Accnt+Details+Panel</caption>
      <locked>True</locked>
      <groupChildrenDescriptors>
        <control controlID="AB19E049-D54B-4230-AA2D-CBFCA4F13015" controlTypeID="Border" x="0" y="0" w="757" h="262" zOrder="0">
          <alias>borderLayer</alias>
        </control>
      </groupChildrenDescriptors>
      <thinkness>1</thinkness>
    </control>
    <control controlID="C6025969-1757-4378-A6E7-D29DA8868E7F" controlTypeID="Table" x="1021" y="499" w="893" h="507" zOrder="4">
      <caption>Recent+TX+Table</caption>
      <borderVisible>False</borderVisible>
      <font family="Titillium+Web" displayName="Titillium+Web+Regular" postScript="" weightStyle="Regular" weight="400" isBold="False" isItalic="False"/>
      <text>Recent+TXNs%09%09%09DATES+OF+TXN%09%09%09%09%09%09%09%09%09%09%09</text>
      <textSize>14</textSize>
      <textAlign>HaCenter</textAlign>
      <lineSpacing>0</lineSpacing>
      <useDefaultTextSize>False</useDefaultTextSize>
      <thickness>1</thickness>
      <dashMode>SdSolid</dashMode>
      <tableStyle>tsHiddenColLine</tableStyle>
      <fontSize>20</fontSize>
      <fontFamily/>
      <fontWeight>Regular</fontWeight>
      <textStyles>[]</textStyles>
      <cellBorderVisible>True</cellBorderVisible>
      <editIndex>0</editIndex>
      <cells>
        <cell rows="0,0" cols="0,0">
          <fontSize>20</fontSize>
          <fontFamily>Titillium+Web</fontFamily>
          <fontWeight>Regular</fontWeight>
          <textStyles>[]</textStyles>
          <cellBorderVisible>True</cellBorderVisible>
          <cellBorderDashMode>SdSolid</cellBorderDashMode>
          <editIndex>31</editIndex>
          <text>Recent+TXNs</text>
          <textHeight>43</textHeight>
          <font family="Titillium+Web" displayName="Titillium+Web+Regular" postScript="" weightStyle="Regular" weight="400" isBold="False" isItalic="False"/>
        </cell>
        <cell rows="0,0" cols="1,1">
          <fontSize>20</fontSize>
          <fontFamily>Titillium+Web</fontFamily>
          <fontWeight>Regular</fontWeight>
          <textStyles>[]</textStyles>
          <cellBorderVisible>True</cellBorderVisible>
          <cellBorderDashMode>SdSolid</cellBorderDashMode>
          <editIndex>31</editIndex>
          <textHeight>12</textHeight>
          <font family="Titillium+Web" displayName="Titillium+Web+Regular" postScript="" weightStyle="Regular" weight="400" isBold="False" isItalic="False"/>
        </cell>
        <cell rows="0,0" cols="2,2">
          <fontSize>20</fontSize>
          <fontFamily>Titillium+Web</fontFamily>
          <fontWeight>Regular</fontWeight>
          <textStyles>[]</textStyles>
          <cellBorderVisible>True</cellBorderVisible>
          <cellBorderDashMode>SdSolid</cellBorderDashMode>
          <editIndex>31</editIndex>
          <textHeight>12</textHeight>
          <font family="Titillium+Web" displayName="Titillium+Web+Regular" postScript="" weightStyle="Regular" weight="400" isBold="False" isItalic="False"/>
        </cell>
        <cell rows="1,1" cols="0,0">
          <fontSize>20</fontSize>
          <fontFamily>Titillium+Web</fontFamily>
          <fontWeight>Regular</fontWeight>
          <textStyles>[]</textStyles>
          <cellBorderVisible>True</cellBorderVisible>
          <editIndex>31</editIndex>
          <text>DATES+OF+TXN</text>
          <textHeight>43</textHeight>
          <font family="Titillium+Web" displayName="Titillium+Web+Regular" postScript="" weightStyle="Regular" weight="400" isBold="False" isItalic="False"/>
        </cell>
        <cell rows="1,1" cols="1,1">
          <fontSize>20</fontSize>
          <fontFamily>Titillium+Web</fontFamily>
          <fontWeight>Regular</fontWeight>
          <textStyles>[]</textStyles>
          <cellBorderVisible>True</cellBorderVisible>
          <editIndex>31</editIndex>
          <textHeight>12</textHeight>
          <font family="Titillium+Web" displayName="Titillium+Web+Regular" postScript="" weightStyle="Regular" weight="400" isBold="False" isItalic="False"/>
        </cell>
        <cell rows="1,1" cols="2,2">
          <fontSize>20</fontSize>
          <fontFamily>Titillium+Web</fontFamily>
          <fontWeight>Regular</fontWeight>
          <textStyles>[]</textStyles>
          <cellBorderVisible>True</cellBorderVisible>
          <editIndex>31</editIndex>
          <textHeight>12</textHeight>
          <font family="Titillium+Web" displayName="Titillium+Web+Regular" postScript="" weightStyle="Regular" weight="400" isBold="False" isItalic="False"/>
        </cell>
        <cell rows="2,2" cols="0,0">
          <fontSize>20</fontSize>
          <fontFamily>Titillium+Web</fontFamily>
          <fontWeight>Regular</fontWeight>
          <textStyles>[]</textStyles>
          <cellBorderVisible>True</cellBorderVisible>
          <editIndex>31</editIndex>
          <textHeight>12</textHeight>
          <font family="Titillium+Web" displayName="Titillium+Web+Regular" postScript="" weightStyle="Regular" weight="400" isBold="False" isItalic="False"/>
        </cell>
        <cell rows="2,2" cols="1,1">
          <fontSize>20</fontSize>
          <fontFamily>Titillium+Web</fontFamily>
          <fontWeight>Regular</fontWeight>
          <textStyles>[]</textStyles>
          <cellBorderVisible>True</cellBorderVisible>
          <editIndex>31</editIndex>
          <textHeight>12</textHeight>
          <font family="Titillium+Web" displayName="Titillium+Web+Regular" postScript="" weightStyle="Regular" weight="400" isBold="False" isItalic="False"/>
        </cell>
        <cell rows="2,2" cols="2,2">
          <fontSize>20</fontSize>
          <fontFamily>Titillium+Web</fontFamily>
          <fontWeight>Regular</fontWeight>
          <textStyles>[]</textStyles>
          <cellBorderVisible>True</cellBorderVisible>
          <editIndex>31</editIndex>
          <textHeight>12</textHeight>
          <font family="Titillium+Web" displayName="Titillium+Web+Regular" postScript="" weightStyle="Regular" weight="400" isBold="False" isItalic="False"/>
        </cell>
        <cell rows="3,3" cols="0,0">
          <fontSize>20</fontSize>
          <fontFamily>Titillium+Web</fontFamily>
          <fontWeight>Regular</fontWeight>
          <textStyles>[]</textStyles>
          <cellBorderVisible>True</cellBorderVisible>
          <editIndex>31</editIndex>
          <textHeight>12</textHeight>
          <font family="Titillium+Web" displayName="Titillium+Web+Regular" postScript="" weightStyle="Regular" weight="400" isBold="False" isItalic="False"/>
        </cell>
        <cell rows="3,3" cols="1,1">
          <fontSize>20</fontSize>
          <fontFamily>Titillium+Web</fontFamily>
          <fontWeight>Regular</fontWeight>
          <textStyles>[]</textStyles>
          <cellBorderVisible>True</cellBorderVisible>
          <editIndex>31</editIndex>
          <textHeight>12</textHeight>
          <font family="Titillium+Web" displayName="Titillium+Web+Regular" postScript="" weightStyle="Regular" weight="400" isBold="False" isItalic="False"/>
        </cell>
        <cell rows="3,3" cols="2,2">
          <fontSize>20</fontSize>
          <fontFamily>Titillium+Web</fontFamily>
          <fontWeight>Regular</fontWeight>
          <textStyles>[]</textStyles>
          <cellBorderVisible>True</cellBorderVisible>
          <editIndex>31</editIndex>
          <textHeight>12</textHeight>
          <font family="Titillium+Web" displayName="Titillium+Web+Regular" postScript="" weightStyle="Regular" weight="400" isBold="False" isItalic="False"/>
        </cell>
        <cell rows="4,4" cols="0,0">
          <fontSize>20</fontSize>
          <fontFamily>Titillium+Web</fontFamily>
          <fontWeight>Regular</fontWeight>
          <textStyles>[]</textStyles>
          <cellBorderVisible>True</cellBorderVisible>
          <editIndex>31</editIndex>
          <textHeight>12</textHeight>
          <font family="Titillium+Web" displayName="Titillium+Web+Regular" postScript="" weightStyle="Regular" weight="400" isBold="False" isItalic="False"/>
        </cell>
        <cell rows="4,4" cols="1,1">
          <fontSize>20</fontSize>
          <fontFamily>Titillium+Web</fontFamily>
          <fontWeight>Regular</fontWeight>
          <textStyles>[]</textStyles>
          <cellBorderVisible>True</cellBorderVisible>
          <editIndex>31</editIndex>
          <textHeight>12</textHeight>
          <font family="Titillium+Web" displayName="Titillium+Web+Regular" postScript="" weightStyle="Regular" weight="400" isBold="False" isItalic="False"/>
        </cell>
        <cell rows="4,4" cols="2,2">
          <fontSize>20</fontSize>
          <fontFamily>Titillium+Web</fontFamily>
          <fontWeight>Regular</fontWeight>
          <textStyles>[]</textStyles>
          <cellBorderVisible>True</cellBorderVisible>
          <editIndex>31</editIndex>
          <textHeight>12</textHeight>
          <font family="Titillium+Web" displayName="Titillium+Web+Regular" postScript="" weightStyle="Regular" weight="400" isBold="False" isItalic="False"/>
        </cell>
      </cells>
      <rows>
        <row height="70">
          <fontSize>20</fontSize>
          <fontFamily/>
          <fontWeight>Regular</fontWeight>
          <textStyles>[]</textStyles>
          <isAutoRowHeight>False</isAutoRowHeight>
        </row>
        <row height="57">
          <backColor>4293848814</backColor>
          <fontSize>20</fontSize>
          <fontFamily/>
          <fontWeight>Regular</fontWeight>
          <textStyles>[]</textStyles>
          <isAutoRowHeight>False</isAutoRowHeight>
        </row>
        <row height="55">
          <fontSize>20</fontSize>
          <fontFamily/>
          <fontWeight>Regular</fontWeight>
          <textStyles>[]</textStyles>
          <isAutoRowHeight>False</isAutoRowHeight>
        </row>
        <row height="65">
          <fontSize>20</fontSize>
          <fontFamily/>
          <fontWeight>Regular</fontWeight>
          <textStyles>[]</textStyles>
          <isAutoRowHeight>False</isAutoRowHeight>
        </row>
        <row height="260">
          <fontSize>20</fontSize>
          <fontFamily/>
          <fontWeight>Regular</fontWeight>
          <textStyles>[]</textStyles>
          <isAutoRowHeight>False</isAutoRowHeight>
        </row>
      </rows>
      <cols>
        <col width="295">
          <fontSize>20</fontSize>
          <fontFamily/>
          <fontWeight>Regular</fontWeight>
          <textStyles>[]</textStyles>
        </col>
        <col width="297">
          <fontSize>20</fontSize>
          <fontFamily/>
          <fontWeight>Regular</fontWeight>
          <textStyles>[]</textStyles>
        </col>
        <col width="301">
          <fontSize>20</fontSize>
          <fontFamily/>
          <fontWeight>Regular</fontWeight>
          <textStyles>[]</textStyles>
        </col>
      </cols>
    </control>
    <control controlID="C0F2479E-6FEE-4B7E-A8D2-BF5D6842F032" controlTypeID="Tabs" x="646" y="32" w="688" h="43" zOrder="5">
      <caption>Main+Tab+Bar</caption>
      <borderVisible>False</borderVisible>
      <links eventType="AtClick" animate="AmNone" animateAutoDelay="0" animateDuration="500">
        <link targetPageID="D2DDBCA1-0CB9-427B-8636-8F6020961B82" linkType="ltPageLink" isApplyIncludePage="False" title="Home">
          <area shape="0" alt="" ID="{06E38E06-7068-4746-9762-F5D45366AA0F}" coords="(0,0,136.600006103516,43)"/>
        </link>
        <link targetPageID="F13FBF6C-CF18-42B4-80F0-BF9E6CA4C5A8" linkType="ltPageLink" isApplyIncludePage="False" title="Checking+%26+Savings">
          <area shape="0" alt="" ID="{A6842318-5839-4224-B850-921AC5B97DE1}" coords="(137.600006103516,0,274.200012207031,43)"/>
        </link>
        <link targetPageID="F13FBF6C-CF18-42B4-80F0-BF9E6CA4C5A8" linkType="ltPageLink" isApplyIncludePage="False" title="CD">
          <area shape="0" alt="" ID="{53F59057-32A4-482A-8C49-55385A2C9CF8}" coords="(275.200012207031,0,411.800018310547,43)"/>
        </link>
        <link targetPageID="61150120-D02D-4CBA-A86E-8C6F8F939C9F" linkType="ltPageLink" isApplyIncludePage="False" title="IRA">
          <area shape="0" alt="" ID="{BAD13E8C-9A7E-43E9-BCBB-3641C74F9601}" coords="(412.800018310547,0,549.400024414063,43)"/>
        </link>
        <link targetPageID="FC43F737-24FF-4264-B96A-0696023DBAA0" linkType="ltPageLink" isApplyIncludePage="False" title="About+Us">
          <area shape="0" alt="" ID="{F02F7F3E-BDBE-4D29-BB47-C7B9BF60E811}" coords="(550.400024414063,0,687,43)"/>
        </link>
      </links>
      <font family="Segoe+UI" displayName="Segoe+UI" postScript="" weightStyle="Regular" weight="400" isBold="False" isItalic="False" useDefaultFontFamily="False"/>
      <text>Home%2CChecking+%26+Savings%2CCD%2CIRA%2CAbout+Us</text>
      <textColor>4288256409</textColor>
      <textSize>14</textSize>
      <lineSpacing>0</lineSpacing>
      <selectedColor>4281571839</selectedColor>
      <indicatorPercentWidth>50</indicatorPercentWidth>
      <dividerPercentHeight>0</dividerPercentHeight>
    </control>
    <control controlID="57E9A954-0CCC-40DF-91DF-6E3D581702A8" controlTypeID="Table" x="1613" y="110" w="190" h="103" zOrder="6">
      <caption>Drop+Down+Table</caption>
      <borderColor>1164338790</borderColor>
      <font family="Titillium+Web" displayName="Titillium+Web+Regular" postScript="" weightStyle="Regular" weight="400" isBold="False" isItalic="False"/>
      <text>Account+Settings%09Log+Out</text>
      <textSize>14</textSize>
      <textAlign>HaCenter</textAlign>
      <lineSpacing>0</lineSpacing>
      <useDefaultTextSize>False</useDefaultTextSize>
      <thickness>1</thickness>
      <dashMode>SdSolid</dashMode>
      <tableStyle>tsNone</tableStyle>
      <fontSize>18</fontSize>
      <fontFamily/>
      <fontWeight>Regular</fontWeight>
      <textStyles>[]</textStyles>
      <cells>
        <cell rows="0,0" cols="0,0">
          <fontSize>18</fontSize>
          <fontFamily>Titillium+Web</fontFamily>
          <fontWeight>Regular</fontWeight>
          <textStyles>[]</textStyles>
          <text>Account+Settings</text>
          <textHeight>40</textHeight>
          <font family="Titillium+Web" displayName="Titillium+Web+Regular" postScript="" weightStyle="Regular" weight="400" isBold="False" isItalic="False"/>
        </cell>
        <cell rows="1,1" cols="0,0">
          <fontSize>18</fontSize>
          <fontFamily>Titillium+Web</fontFamily>
          <fontWeight>Regular</fontWeight>
          <textStyles>[]</textStyles>
          <text>Log+Out</text>
          <textHeight>40</textHeight>
          <font family="Titillium+Web" displayName="Titillium+Web+Regular" postScript="" weightStyle="Regular" weight="400" isBold="False" isItalic="False"/>
        </cell>
      </cells>
      <rows>
        <row height="50">
          <fontSize>18</fontSize>
          <fontFamily/>
          <fontWeight>Regular</fontWeight>
          <textStyles>[]</textStyles>
          <isAutoRowHeight>False</isAutoRowHeight>
        </row>
        <row height="53">
          <fontSize>18</fontSize>
          <fontFamily/>
          <fontWeight>Regular</fontWeight>
          <textStyles>[]</textStyles>
          <isAutoRowHeight>False</isAutoRowHeight>
        </row>
      </rows>
      <cols>
        <col width="190">
          <fontSize>18</fontSize>
          <fontFamily/>
          <fontWeight>Regular</fontWeight>
          <textStyles>[]</textStyles>
        </col>
      </cols>
    </control>
    <control controlID="E85CDE6B-ECB4-4DAC-A60B-5139FCD3C607" controlTypeID="Image" x="20" y="14" w="470" h="95" zOrder="7">
      <caption>MertiBank+Logo</caption>
      <URL>786FCE6C0F81FF13A1ED1534018F7459.jpeg</URL>
    </control>
    <control controlID="4EB965A5-7602-45EB-9DE0-889382A4E5A0" controlTypeID="HSplitter" x="38" y="745" w="756" h="10" zOrder="8">
      <caption>Account+Splitter</caption>
      <interactiveData>
        <entry title="">
          <area shape="0" alt="" ID="{24265B22-FE61-47B9-AF8E-E828BADF0D71}" coords="(0,0,756,10)"/>
          <events title="">
            <event eventType="atClick" isChecked="True">
              <behaviour title="" isChecked="True" isWait="False" isLoop="False" execMode="emParallel">
                <target targetID="489AFB98-4ACD-472C-AD6D-492CA4383E5C" isChecked="True" isAutoRecovery="False" isLoop="False" execMode="emSequence">
                  <command name="Change Visibility" isChecked="True" descrition="">
                    <param name="AniInterpolation" value="1" varType="3" description=""/>
                    <param name="AniDuration" value="200" varType="3" description=""/>
                    <param name="AniAutoReverse" value="False" varType="11" description=""/>
                    <param name="AniLoop" value="False" varType="11" description=""/>
                    <param name="AniInterpolationTypeOut" value="False" varType="11" description=""/>
                    <param name="Delay" value="0" varType="3" description=""/>
                    <param name="ValueFromCurrent" value="True" varType="11" description=""/>
                    <param name="ForceFromInitValue" value="False" varType="11" description=""/>
                    <param name="ForceSetVisible" value="False" varType="11" description=""/>
                    <param name="Value" value="2" varType="3" description=""/>
                    <param name="TerminateLoopByClick" value="True" varType="11" description=""/>
                  </command>
                </target>
                <target targetID="D9FB785C-A02F-437D-A41C-23EED2F415F5" isChecked="True" isAutoRecovery="False" isLoop="False" execMode="emSequence">
                  <command name="Change Visibility" isChecked="True" descrition="">
                    <param name="AniInterpolation" value="1" varType="3" description=""/>
                    <param name="AniDuration" value="200" varType="3" description=""/>
                    <param name="AniAutoReverse" value="False" varType="11" description=""/>
                    <param name="AniLoop" value="False" varType="11" description=""/>
                    <param name="AniInterpolationTypeOut" value="False" varType="11" description=""/>
                    <param name="Delay" value="0" varType="3" description=""/>
                    <param name="ValueFromCurrent" value="True" varType="11" description=""/>
                    <param name="ForceFromInitValue" value="False" varType="11" description=""/>
                    <param name="ForceSetVisible" value="False" varType="11" description=""/>
                    <param name="Value" value="2" varType="3" description=""/>
                    <param name="TerminateLoopByClick" value="True" varType="11" description=""/>
                  </command>
                </target>
                <target targetID="0F623946-41B6-43BA-B1F7-346B3F13811F" isChecked="True" isAutoRecovery="False" isLoop="False" execMode="emSequence">
                  <command name="Change Visibility" isChecked="True" descrition="">
                    <param name="AniInterpolation" value="1" varType="3" description=""/>
                    <param name="AniDuration" value="200" varType="3" description=""/>
                    <param name="AniAutoReverse" value="False" varType="11" description=""/>
                    <param name="AniLoop" value="False" varType="11" description=""/>
                    <param name="AniInterpolationTypeOut" value="False" varType="11" description=""/>
                    <param name="Delay" value="0" varType="3" description=""/>
                    <param name="ValueFromCurrent" value="True" varType="11" description=""/>
                    <param name="ForceFromInitValue" value="False" varType="11" description=""/>
                    <param name="ForceSetVisible" value="False" varType="11" description=""/>
                    <param name="Value" value="2" varType="3" description=""/>
                    <param name="TerminateLoopByClick" value="True" varType="11" description=""/>
                  </command>
                </target>
                <target targetID="F1714B26-14DC-4168-B807-662A196648CC" isChecked="True" isAutoRecovery="False" isLoop="False" execMode="emSequence">
                  <command name="Change Visibility" isChecked="True" descrition="">
                    <param name="AniInterpolation" value="1" varType="3" description=""/>
                    <param name="AniDuration" value="200" varType="3" description=""/>
                    <param name="AniAutoReverse" value="False" varType="11" description=""/>
                    <param name="AniLoop" value="False" varType="11" description=""/>
                    <param name="AniInterpolationTypeOut" value="False" varType="11" description=""/>
                    <param name="Delay" value="0" varType="3" description=""/>
                    <param name="ValueFromCurrent" value="True" varType="11" description=""/>
                    <param name="ForceFromInitValue" value="False" varType="11" description=""/>
                    <param name="ForceSetVisible" value="False" varType="11" description=""/>
                    <param name="Value" value="2" varType="3" description=""/>
                    <param name="TerminateLoopByClick" value="True" varType="11" description=""/>
                  </command>
                </target>
                <target targetID="BA81AAE0-A937-4405-89DC-E11FD3681C9E" isChecked="True" isAutoRecovery="False" isLoop="False" execMode="emSequence">
                  <command name="Change Visibility" isChecked="True" descrition="">
                    <param name="AniInterpolation" value="1" varType="3" description=""/>
                    <param name="AniDuration" value="200" varType="3" description=""/>
                    <param name="AniAutoReverse" value="False" varType="11" description=""/>
                    <param name="AniLoop" value="False" varType="11" description=""/>
                    <param name="AniInterpolationTypeOut" value="False" varType="11" description=""/>
                    <param name="Delay" value="0" varType="3" description=""/>
                    <param name="ValueFromCurrent" value="True" varType="11" description=""/>
                    <param name="ForceFromInitValue" value="False" varType="11" description=""/>
                    <param name="ForceSetVisible" value="False" varType="11" description=""/>
                    <param name="Value" value="2" varType="3" description=""/>
                    <param name="TerminateLoopByClick" value="True" varType="11" description=""/>
                  </command>
                </target>
                <target targetID="86F8B211-27C5-4662-9DD7-A784E72214C5" isChecked="True" isAutoRecovery="False" isLoop="False" execMode="emSequence">
                  <command name="Change Visibility" isChecked="True" descrition="">
                    <param name="AniInterpolation" value="1" varType="3" description=""/>
                    <param name="AniDuration" value="200" varType="3" description=""/>
                    <param name="AniAutoReverse" value="False" varType="11" description=""/>
                    <param name="AniLoop" value="False" varType="11" description=""/>
                    <param name="AniInterpolationTypeOut" value="False" varType="11" description=""/>
                    <param name="Delay" value="0" varType="3" description=""/>
                    <param name="ValueFromCurrent" value="True" varType="11" description=""/>
                    <param name="ForceFromInitValue" value="False" varType="11" description=""/>
                    <param name="ForceSetVisible" value="False" varType="11" description=""/>
                    <param name="Value" value="2" varType="3" description=""/>
                    <param name="TerminateLoopByClick" value="True" varType="11" description=""/>
                  </command>
                </target>
                <target targetID="476A94E4-67E4-4467-8448-FB59B2C30DA2" isChecked="True" isAutoRecovery="False" isLoop="False" execMode="emSequence">
                  <command name="Change Visibility" isChecked="True" descrition="">
                    <param name="AniInterpolation" value="1" varType="3" description=""/>
                    <param name="AniDuration" value="200" varType="3" description=""/>
                    <param name="AniAutoReverse" value="False" varType="11" description=""/>
                    <param name="AniLoop" value="False" varType="11" description=""/>
                    <param name="AniInterpolationTypeOut" value="False" varType="11" description=""/>
                    <param name="Delay" value="0" varType="3" description=""/>
                    <param name="ValueFromCurrent" value="True" varType="11" description=""/>
                    <param name="ForceFromInitValue" value="False" varType="11" description=""/>
                    <param name="ForceSetVisible" value="False" varType="11" description=""/>
                    <param name="Value" value="2" varType="3" description=""/>
                    <param name="TerminateLoopByClick" value="True" varType="11" description=""/>
                  </command>
                </target>
                <target targetID="5B94E340-6D7A-4DAB-8656-9E86B8523AF9" isChecked="True" isAutoRecovery="False" isLoop="False" execMode="emSequence">
                  <command name="Change Visibility" isChecked="True" descrition="">
                    <param name="AniInterpolation" value="1" varType="3" description=""/>
                    <param name="AniDuration" value="200" varType="3" description=""/>
                    <param name="AniAutoReverse" value="False" varType="11" description=""/>
                    <param name="AniLoop" value="False" varType="11" description=""/>
                    <param name="AniInterpolationTypeOut" value="False" varType="11" description=""/>
                    <param name="Delay" value="0" varType="3" description=""/>
                    <param name="ValueFromCurrent" value="True" varType="11" description=""/>
                    <param name="ForceFromInitValue" value="False" varType="11" description=""/>
                    <param name="ForceSetVisible" value="False" varType="11" description=""/>
                    <param name="Value" value="2" varType="3" description=""/>
                    <param name="TerminateLoopByClick" value="True" varType="11" description=""/>
                  </command>
                </target>
                <target targetID="8DC256DF-7C9F-4735-8F68-9B6C22FD9FAA" isChecked="True" isAutoRecovery="False" isLoop="False" execMode="emSequence">
                  <command name="Change Visibility" isChecked="True" descrition="">
                    <param name="AniInterpolation" value="1" varType="3" description=""/>
                    <param name="AniDuration" value="200" varType="3" description=""/>
                    <param name="AniAutoReverse" value="False" varType="11" description=""/>
                    <param name="AniLoop" value="False" varType="11" description=""/>
                    <param name="AniInterpolationTypeOut" value="False" varType="11" description=""/>
                    <param name="Delay" value="0" varType="3" description=""/>
                    <param name="ValueFromCurrent" value="True" varType="11" description=""/>
                    <param name="ForceFromInitValue" value="False" varType="11" description=""/>
                    <param name="ForceSetVisible" value="False" varType="11" description=""/>
                    <param name="Value" value="2" varType="3" description=""/>
                    <param name="TerminateLoopByClick" value="True" varType="11" description=""/>
                  </command>
                </target>
                <target targetID="916CCC28-1BC4-4CFD-9EAD-D62264AC4883" isChecked="True" isAutoRecovery="False" isLoop="False" execMode="emSequence">
                  <command name="Change Visibility" isChecked="True" descrition="">
                    <param name="AniInterpolation" value="1" varType="3" description=""/>
                    <param name="AniDuration" value="200" varType="3" description=""/>
                    <param name="AniAutoReverse" value="False" varType="11" description=""/>
                    <param name="AniLoop" value="False" varType="11" description=""/>
                    <param name="AniInterpolationTypeOut" value="False" varType="11" description=""/>
                    <param name="Delay" value="0" varType="3" description=""/>
                    <param name="ValueFromCurrent" value="True" varType="11" description=""/>
                    <param name="ForceFromInitValue" value="False" varType="11" description=""/>
                    <param name="ForceSetVisible" value="False" varType="11" description=""/>
                    <param name="Value" value="2" varType="3" description=""/>
                    <param name="TerminateLoopByClick" value="True" varType="11" description=""/>
                  </command>
                </target>
                <target targetID="DCC16D8B-6F7C-4A89-8657-ABF5798394A4" isChecked="True" isAutoRecovery="False" isLoop="False" execMode="emSequence">
                  <command name="Change Visibility" isChecked="True" descrition="">
                    <param name="AniInterpolation" value="1" varType="3" description=""/>
                    <param name="AniDuration" value="200" varType="3" description=""/>
                    <param name="AniAutoReverse" value="False" varType="11" description=""/>
                    <param name="AniLoop" value="False" varType="11" description=""/>
                    <param name="AniInterpolationTypeOut" value="False" varType="11" description=""/>
                    <param name="Delay" value="0" varType="3" description=""/>
                    <param name="ValueFromCurrent" value="True" varType="11" description=""/>
                    <param name="ForceFromInitValue" value="False" varType="11" description=""/>
                    <param name="ForceSetVisible" value="False" varType="11" description=""/>
                    <param name="Value" value="2" varType="3" description=""/>
                    <param name="TerminateLoopByClick" value="True" varType="11" description=""/>
                  </command>
                </target>
                <target targetID="779FE01E-50D4-4889-9A06-242B2F2F4D06" isChecked="True" isAutoRecovery="False" isLoop="False" execMode="emSequence">
                  <command name="Change Visibility" isChecked="True" descrition="">
                    <param name="AniInterpolation" value="1" varType="3" description=""/>
                    <param name="AniDuration" value="200" varType="3" description=""/>
                    <param name="AniAutoReverse" value="False" varType="11" description=""/>
                    <param name="AniLoop" value="False" varType="11" description=""/>
                    <param name="AniInterpolationTypeOut" value="False" varType="11" description=""/>
                    <param name="Delay" value="0" varType="3" description=""/>
                    <param name="ValueFromCurrent" value="True" varType="11" description=""/>
                    <param name="ForceFromInitValue" value="False" varType="11" description=""/>
                    <param name="ForceSetVisible" value="False" varType="11" description=""/>
                    <param name="Value" value="2" varType="3" description=""/>
                    <param name="TerminateLoopByClick" value="True" varType="11" description=""/>
                  </command>
                </target>
                <target targetID="7DDA32C6-25B0-4B8C-A43E-90D0FA0EC515" isChecked="True" isAutoRecovery="False" isLoop="False" execMode="emSequence">
                  <command name="Change Visibility" isChecked="True" descrition="">
                    <param name="AniInterpolation" value="1" varType="3" description=""/>
                    <param name="AniDuration" value="200" varType="3" description=""/>
                    <param name="AniAutoReverse" value="False" varType="11" description=""/>
                    <param name="AniLoop" value="False" varType="11" description=""/>
                    <param name="AniInterpolationTypeOut" value="False" varType="11" description=""/>
                    <param name="Delay" value="0" varType="3" description=""/>
                    <param name="ValueFromCurrent" value="True" varType="11" description=""/>
                    <param name="ForceFromInitValue" value="False" varType="11" description=""/>
                    <param name="ForceSetVisible" value="False" varType="11" description=""/>
                    <param name="Value" value="2" varType="3" description=""/>
                    <param name="TerminateLoopByClick" value="True" varType="11" description=""/>
                  </command>
                </target>
                <target targetID="F6E3B9F4-A410-489B-88D6-D43E98FB1392" isChecked="True" isAutoRecovery="False" isLoop="False" execMode="emSequence">
                  <command name="Change Visibility" isChecked="True" descrition="">
                    <param name="AniInterpolation" value="1" varType="3" description=""/>
                    <param name="AniDuration" value="200" varType="3" description=""/>
                    <param name="AniAutoReverse" value="False" varType="11" description=""/>
                    <param name="AniLoop" value="False" varType="11" description=""/>
                    <param name="AniInterpolationTypeOut" value="False" varType="11" description=""/>
                    <param name="Delay" value="0" varType="3" description=""/>
                    <param name="ValueFromCurrent" value="True" varType="11" description=""/>
                    <param name="ForceFromInitValue" value="False" varType="11" description=""/>
                    <param name="ForceSetVisible" value="False" varType="11" description=""/>
                    <param name="Value" value="2" varType="3" description=""/>
                    <param name="TerminateLoopByClick" value="True" varType="11" description=""/>
                  </command>
                </target>
                <target targetID="9F2E341B-11A1-4C79-BFBB-57403B559B79" isChecked="True" isAutoRecovery="False" isLoop="False" execMode="emSequence">
                  <command name="Change Visibility" isChecked="True" descrition="">
                    <param name="AniInterpolation" value="1" varType="3" description=""/>
                    <param name="AniDuration" value="200" varType="3" description=""/>
                    <param name="AniAutoReverse" value="False" varType="11" description=""/>
                    <param name="AniLoop" value="False" varType="11" description=""/>
                    <param name="AniInterpolationTypeOut" value="False" varType="11" description=""/>
                    <param name="Delay" value="0" varType="3" description=""/>
                    <param name="ValueFromCurrent" value="True" varType="11" description=""/>
                    <param name="ForceFromInitValue" value="False" varType="11" description=""/>
                    <param name="ForceSetVisible" value="False" varType="11" description=""/>
                    <param name="Value" value="2" varType="3" description=""/>
                    <param name="TerminateLoopByClick" value="True" varType="11" description=""/>
                  </command>
                </target>
                <target targetID="D181E4D5-D502-4EAF-8733-65A5EB90C5E8" isChecked="True" isAutoRecovery="False" isLoop="False" execMode="emSequence">
                  <command name="Change Visibility" isChecked="True" descrition="">
                    <param name="AniInterpolation" value="1" varType="3" description=""/>
                    <param name="AniDuration" value="200" varType="3" description=""/>
                    <param name="AniAutoReverse" value="False" varType="11" description=""/>
                    <param name="AniLoop" value="False" varType="11" description=""/>
                    <param name="AniInterpolationTypeOut" value="False" varType="11" description=""/>
                    <param name="Delay" value="0" varType="3" description=""/>
                    <param name="ValueFromCurrent" value="True" varType="11" description=""/>
                    <param name="ForceFromInitValue" value="False" varType="11" description=""/>
                    <param name="ForceSetVisible" value="False" varType="11" description=""/>
                    <param name="Value" value="2" varType="3" description=""/>
                    <param name="TerminateLoopByClick" value="True" varType="11" description=""/>
                  </command>
                </target>
                <target targetID="EDC57CC2-752A-485C-94ED-8D208537A4F8" isChecked="True" isAutoRecovery="False" isLoop="False" execMode="emSequence">
                  <command name="Change Visibility" isChecked="True" descrition="">
                    <param name="AniInterpolation" value="1" varType="3" description=""/>
                    <param name="AniDuration" value="200" varType="3" description=""/>
                    <param name="AniAutoReverse" value="False" varType="11" description=""/>
                    <param name="AniLoop" value="False" varType="11" description=""/>
                    <param name="AniInterpolationTypeOut" value="False" varType="11" description=""/>
                    <param name="Delay" value="0" varType="3" description=""/>
                    <param name="ValueFromCurrent" value="True" varType="11" description=""/>
                    <param name="ForceFromInitValue" value="False" varType="11" description=""/>
                    <param name="ForceSetVisible" value="False" varType="11" description=""/>
                    <param name="Value" value="2" varType="3" description=""/>
                    <param name="TerminateLoopByClick" value="True" varType="11" description=""/>
                  </command>
                </target>
                <target targetID="90E9E076-CFE6-4813-8E79-9F798A0A6D09" isChecked="True" isAutoRecovery="False" isLoop="False" execMode="emSequence">
                  <command name="Change Visibility" isChecked="True" descrition="">
                    <param name="AniInterpolation" value="1" varType="3" description=""/>
                    <param name="AniDuration" value="200" varType="3" description=""/>
                    <param name="AniAutoReverse" value="False" varType="11" description=""/>
                    <param name="AniLoop" value="False" varType="11" description=""/>
                    <param name="AniInterpolationTypeOut" value="False" varType="11" description=""/>
                    <param name="Delay" value="0" varType="3" description=""/>
                    <param name="ValueFromCurrent" value="True" varType="11" description=""/>
                    <param name="ForceFromInitValue" value="False" varType="11" description=""/>
                    <param name="ForceSetVisible" value="False" varType="11" description=""/>
                    <param name="Value" value="2" varType="3" description=""/>
                    <param name="TerminateLoopByClick" value="True" varType="11" description=""/>
                  </command>
                </target>
              </behaviour>
            </event>
          </events>
        </entry>
      </interactiveData>
    </control>
    <control controlID="489AFB98-4ACD-472C-AD6D-492CA4383E5C" controlTypeID="Panel" x="37" y="755" w="757" h="251" zOrder="9">
      <caption>Xtra+Accnt+Details+Panel</caption>
      <groupChildrenDescriptors>
        <control controlID="7B43AC3A-A0CF-497E-BF7F-F3E8F83D6D31" controlTypeID="Border" x="0" y="0" w="757" h="251" zOrder="0">
          <alias>borderLayer</alias>
        </control>
      </groupChildrenDescriptors>
      <thinkness>1</thinkness>
    </control>
    <control controlID="D9FB785C-A02F-437D-A41C-23EED2F415F5" controlTypeID="Label" x="51" y="775" w="141" h="28" zOrder="10">
      <caption>Check+Accnts</caption>
      <font family="Titillium+Web" displayName="Titillium+Web+Regular" postScript="" weightStyle="Regular" weight="400" isBold="False" isItalic="False"/>
      <text>Checking+Accounts</text>
      <textSize>18</textSize>
      <lineSpacing>0</lineSpacing>
      <useDefaultTextSize>False</useDefaultTextSize>
      <selectedIndex>-1</selectedIndex>
    </control>
    <control controlID="0F623946-41B6-43BA-B1F7-346B3F13811F" controlTypeID="Label" x="354" y="775" w="124" h="28" zOrder="11">
      <caption>Saving+Accnt+%23</caption>
      <font family="Titillium+Web" displayName="Titillium+Web+Regular" postScript="" weightStyle="Regular" weight="400" isBold="False" isItalic="False"/>
      <text>Savings+Account</text>
      <textSize>18</textSize>
      <lineSpacing>0</lineSpacing>
      <useDefaultTextSize>False</useDefaultTextSize>
      <selectedIndex>-1</selectedIndex>
    </control>
    <control controlID="F1714B26-14DC-4168-B807-662A196648CC" controlTypeID="Label" x="646" y="772" w="32" h="31" zOrder="12">
      <caption>Saving+Accnt+%23</caption>
      <font family="Titillium+Web" displayName="Titillium+Web+Regular" postScript="" weightStyle="Regular" weight="400" isBold="False" isItalic="False"/>
      <text>C.D.</text>
      <textSize>20</textSize>
      <lineSpacing>0</lineSpacing>
      <useDefaultTextSize>False</useDefaultTextSize>
      <selectedIndex>-1</selectedIndex>
    </control>
    <control controlID="2C732E40-3E64-47B8-B44C-FD8CD7DBB7F8" controlTypeID="Label" x="51" y="524" w="161" h="28" zOrder="13">
      <caption>AVAILABLE+BALANCE</caption>
      <font family="Titillium+Web" displayName="Titillium+Web+Regular" postScript="" weightStyle="Regular" weight="400" isBold="False" isItalic="False"/>
      <text>AVAILABLE+BALANCE</text>
      <textSize>18</textSize>
      <lineSpacing>0</lineSpacing>
      <useDefaultTextSize>False</useDefaultTextSize>
      <selectedIndex>-1</selectedIndex>
    </control>
    <control controlID="806DEDE3-A8CF-4C05-B487-540F643D6BCB" controlTypeID="Label" x="51" y="684" w="152" h="28" zOrder="14">
      <caption>CURRENT+BALLANCE</caption>
      <font family="Titillium+Web" displayName="Titillium+Web+Regular" postScript="" weightStyle="Regular" weight="400" isBold="False" isItalic="False"/>
      <text>CURRENT+BALANCE</text>
      <textSize>18</textSize>
      <lineSpacing>0</lineSpacing>
      <useDefaultTextSize>False</useDefaultTextSize>
      <selectedIndex>-1</selectedIndex>
    </control>
    <control controlID="730B8C81-7082-4483-AB7A-B71E01D5B743" controlTypeID="Label" x="528" y="499" w="177" h="110" zOrder="15">
      <font family="Titillium+Web" displayName="Titillium+Web+Regular" postScript="" weightStyle="Regular" weight="400" isBold="False" isItalic="False"/>
      <text>1%2C111</text>
      <textSize>72</textSize>
      <lineSpacing>0</lineSpacing>
      <useDefaultTextSize>False</useDefaultTextSize>
      <selectedIndex>-1</selectedIndex>
    </control>
    <control controlID="24367CD4-626D-43ED-98C6-34C075DEAE14" controlTypeID="Label" x="507" y="529" w="11" h="31" zOrder="16">
      <caption>Saving+Accnt+%23</caption>
      <font family="Titillium+Web" displayName="Titillium+Web+Regular" postScript="" weightStyle="Regular" weight="400" isBold="False" isItalic="False"/>
      <text>$</text>
      <textSize>20</textSize>
      <lineSpacing>0</lineSpacing>
      <useDefaultTextSize>False</useDefaultTextSize>
      <selectedIndex>-1</selectedIndex>
    </control>
    <control controlID="340BC052-CCC5-4B22-B240-B7C59F9470A5" controlTypeID="Label" x="705" y="528" w="22" h="31" zOrder="17">
      <caption>CURRENT+BALLANCE</caption>
      <font family="Titillium+Web" displayName="Titillium+Web+Regular" postScript="" weightStyle="Regular" weight="400" isBold="False" isItalic="False"/>
      <text>00</text>
      <textSize>20</textSize>
      <lineSpacing>0</lineSpacing>
      <useDefaultTextSize>False</useDefaultTextSize>
      <selectedIndex>-1</selectedIndex>
    </control>
    <control controlID="8F53E6BA-E376-4A41-BDF1-9BE4CAD46147" controlTypeID="Line" x="73" y="673" w="686" h="2" zOrder="18">
      <font family="Titillium+Web" displayName="Titillium+Web+Regular" postScript="" weightStyle="Regular" weight="400" isBold="False" isItalic="False"/>
      <textSize>14</textSize>
      <lineSpacing>0</lineSpacing>
      <selectedIndex>-1</selectedIndex>
      <controlPoint>(343,1)</controlPoint>
      <startPoint>(0,1)</startPoint>
      <endPoint>(686,1)</endPoint>
    </control>
    <control controlID="CE2BD826-F634-4707-BAB3-4296545CEF54" controlTypeID="Label" x="606" y="684" w="99" h="61" zOrder="19">
      <font family="Titillium+Web" displayName="Titillium+Web+Regular" postScript="" weightStyle="Regular" weight="400" isBold="False" isItalic="False"/>
      <text>1%2C111</text>
      <textSize>40</textSize>
      <lineSpacing>0</lineSpacing>
      <useDefaultTextSize>False</useDefaultTextSize>
      <selectedIndex>-1</selectedIndex>
    </control>
    <control controlID="07D06D27-269C-40FB-A8AB-26CF55E0D8B2" controlTypeID="Label" x="597" y="702" w="9" h="25" zOrder="20">
      <caption>Saving+Accnt+%23</caption>
      <font family="Titillium+Web" displayName="Titillium+Web+Regular" postScript="" weightStyle="Regular" weight="400" isBold="False" isItalic="False"/>
      <text>$</text>
      <textSize>16</textSize>
      <lineSpacing>0</lineSpacing>
      <useDefaultTextSize>False</useDefaultTextSize>
      <selectedIndex>-1</selectedIndex>
    </control>
    <control controlID="F6CE734F-C8C0-4322-9E6F-BC468E1BB1A7" controlTypeID="Label" x="705" y="696" w="18" h="25" zOrder="21">
      <caption>CURRENT+BALLANCE</caption>
      <font family="Titillium+Web" displayName="Titillium+Web+Regular" postScript="" weightStyle="Regular" weight="400" isBold="False" isItalic="False"/>
      <text>00</text>
      <textSize>16</textSize>
      <lineSpacing>0</lineSpacing>
      <useDefaultTextSize>False</useDefaultTextSize>
      <selectedIndex>-1</selectedIndex>
    </control>
    <control controlID="EDC57CC2-752A-485C-94ED-8D208537A4F8" controlTypeID="Label" x="88" y="813" w="67" h="19" zOrder="22">
      <caption>Check+Accnts</caption>
      <font family="Titillium+Web" displayName="Titillium+Web+Regular" postScript="" weightStyle="Regular" weight="400" isBold="False" isItalic="False"/>
      <text>Personal+365</text>
      <textSize>12</textSize>
      <lineSpacing>0</lineSpacing>
      <useDefaultTextSize>False</useDefaultTextSize>
      <selectedIndex>-1</selectedIndex>
    </control>
    <control controlID="90E9E076-CFE6-4813-8E79-9F798A0A6D09" controlTypeID="Label" x="108" y="910" w="22" h="19" zOrder="23">
      <caption>Check+Accnts</caption>
      <font family="Titillium+Web" displayName="Titillium+Web+Regular" postScript="" weightStyle="Regular" weight="400" isBold="False" isItalic="False"/>
      <text>DBA</text>
      <textSize>12</textSize>
      <lineSpacing>0</lineSpacing>
      <useDefaultTextSize>False</useDefaultTextSize>
      <selectedIndex>-1</selectedIndex>
    </control>
    <control controlID="86F8B211-27C5-4662-9DD7-A784E72214C5" controlTypeID="Label" x="362" y="813" w="99" h="61" zOrder="24">
      <font family="Titillium+Web" displayName="Titillium+Web+Regular" postScript="" weightStyle="Regular" weight="400" isBold="False" isItalic="False"/>
      <text>1%2C111</text>
      <textSize>40</textSize>
      <lineSpacing>0</lineSpacing>
      <useDefaultTextSize>False</useDefaultTextSize>
      <selectedIndex>-1</selectedIndex>
    </control>
    <control controlID="916CCC28-1BC4-4CFD-9EAD-D62264AC4883" controlTypeID="Label" x="353" y="831" w="9" h="25" zOrder="25">
      <caption>Saving+Accnt+%23</caption>
      <font family="Titillium+Web" displayName="Titillium+Web+Regular" postScript="" weightStyle="Regular" weight="400" isBold="False" isItalic="False"/>
      <text>$</text>
      <textSize>16</textSize>
      <lineSpacing>0</lineSpacing>
      <useDefaultTextSize>False</useDefaultTextSize>
      <selectedIndex>-1</selectedIndex>
    </control>
    <control controlID="8DC256DF-7C9F-4735-8F68-9B6C22FD9FAA" controlTypeID="Label" x="461" y="825" w="18" h="25" zOrder="26">
      <caption>CURRENT+BALLANCE</caption>
      <font family="Titillium+Web" displayName="Titillium+Web+Regular" postScript="" weightStyle="Regular" weight="400" isBold="False" isItalic="False"/>
      <text>00</text>
      <textSize>16</textSize>
      <lineSpacing>0</lineSpacing>
      <useDefaultTextSize>False</useDefaultTextSize>
      <selectedIndex>-1</selectedIndex>
    </control>
    <control controlID="BA81AAE0-A937-4405-89DC-E11FD3681C9E" controlTypeID="Label" x="615" y="813" w="99" h="61" zOrder="27">
      <font family="Titillium+Web" displayName="Titillium+Web+Regular" postScript="" weightStyle="Regular" weight="400" isBold="False" isItalic="False"/>
      <text>1%2C111</text>
      <textSize>40</textSize>
      <lineSpacing>0</lineSpacing>
      <useDefaultTextSize>False</useDefaultTextSize>
      <selectedIndex>-1</selectedIndex>
    </control>
    <control controlID="5B94E340-6D7A-4DAB-8656-9E86B8523AF9" controlTypeID="Label" x="606" y="831" w="9" h="25" zOrder="28">
      <caption>Saving+Accnt+%23</caption>
      <font family="Titillium+Web" displayName="Titillium+Web+Regular" postScript="" weightStyle="Regular" weight="400" isBold="False" isItalic="False"/>
      <text>$</text>
      <textSize>16</textSize>
      <lineSpacing>0</lineSpacing>
      <useDefaultTextSize>False</useDefaultTextSize>
      <selectedIndex>-1</selectedIndex>
    </control>
    <control controlID="476A94E4-67E4-4467-8448-FB59B2C30DA2" controlTypeID="Label" x="714" y="825" w="18" h="25" zOrder="29">
      <caption>CURRENT+BALLANCE</caption>
      <font family="Titillium+Web" displayName="Titillium+Web+Regular" postScript="" weightStyle="Regular" weight="400" isBold="False" isItalic="False"/>
      <text>00</text>
      <textSize>16</textSize>
      <lineSpacing>0</lineSpacing>
      <useDefaultTextSize>False</useDefaultTextSize>
      <selectedIndex>-1</selectedIndex>
    </control>
    <control controlID="779FE01E-50D4-4889-9A06-242B2F2F4D06" controlTypeID="Label" x="73" y="831" w="99" h="61" zOrder="30">
      <font family="Titillium+Web" displayName="Titillium+Web+Regular" postScript="" weightStyle="Regular" weight="400" isBold="False" isItalic="False"/>
      <text>1%2C111</text>
      <textSize>40</textSize>
      <lineSpacing>0</lineSpacing>
      <useDefaultTextSize>False</useDefaultTextSize>
      <selectedIndex>-1</selectedIndex>
    </control>
    <control controlID="7DDA32C6-25B0-4B8C-A43E-90D0FA0EC515" controlTypeID="Label" x="64" y="849" w="9" h="25" zOrder="31">
      <caption>Saving+Accnt+%23</caption>
      <font family="Titillium+Web" displayName="Titillium+Web+Regular" postScript="" weightStyle="Regular" weight="400" isBold="False" isItalic="False"/>
      <text>$</text>
      <textSize>16</textSize>
      <lineSpacing>0</lineSpacing>
      <useDefaultTextSize>False</useDefaultTextSize>
      <selectedIndex>-1</selectedIndex>
    </control>
    <control controlID="DCC16D8B-6F7C-4A89-8657-ABF5798394A4" controlTypeID="Label" x="172" y="843" w="18" h="25" zOrder="32">
      <caption>CURRENT+BALLANCE</caption>
      <font family="Titillium+Web" displayName="Titillium+Web+Regular" postScript="" weightStyle="Regular" weight="400" isBold="False" isItalic="False"/>
      <text>00</text>
      <textSize>16</textSize>
      <lineSpacing>0</lineSpacing>
      <useDefaultTextSize>False</useDefaultTextSize>
      <selectedIndex>-1</selectedIndex>
    </control>
    <control controlID="9F2E341B-11A1-4C79-BFBB-57403B559B79" controlTypeID="Label" x="73" y="924" w="99" h="61" zOrder="33">
      <font family="Titillium+Web" displayName="Titillium+Web+Regular" postScript="" weightStyle="Regular" weight="400" isBold="False" isItalic="False"/>
      <text>1%2C111</text>
      <textSize>40</textSize>
      <lineSpacing>0</lineSpacing>
      <useDefaultTextSize>False</useDefaultTextSize>
      <selectedIndex>-1</selectedIndex>
    </control>
    <control controlID="D181E4D5-D502-4EAF-8733-65A5EB90C5E8" controlTypeID="Label" x="64" y="942" w="9" h="25" zOrder="34">
      <caption>Saving+Accnt+%23</caption>
      <font family="Titillium+Web" displayName="Titillium+Web+Regular" postScript="" weightStyle="Regular" weight="400" isBold="False" isItalic="False"/>
      <text>$</text>
      <textSize>16</textSize>
      <lineSpacing>0</lineSpacing>
      <useDefaultTextSize>False</useDefaultTextSize>
      <selectedIndex>-1</selectedIndex>
    </control>
    <control controlID="F6E3B9F4-A410-489B-88D6-D43E98FB1392" controlTypeID="Label" x="172" y="936" w="18" h="25" zOrder="35">
      <caption>CURRENT+BALLANCE</caption>
      <font family="Titillium+Web" displayName="Titillium+Web+Regular" postScript="" weightStyle="Regular" weight="400" isBold="False" isItalic="False"/>
      <text>00</text>
      <textSize>16</textSize>
      <lineSpacing>0</lineSpacing>
      <useDefaultTextSize>False</useDefaultTextSize>
      <selectedIndex>-1</selectedIndex>
    </control>
    <control controlID="CFD83F73-798C-47F0-8B21-5EB463C2FD5D" controlTypeID="Image" x="1041" y="576" w="45" h="45" zOrder="36">
      <caption>TXN+type</caption>
    </control>
    <control controlID="D40441BC-B449-474C-8D6F-FCA82D617DE5" controlTypeID="Image" x="1041" y="631" w="45" h="45" zOrder="37">
      <caption>TXN+type</caption>
    </control>
    <control controlID="D0FE0630-E675-4828-90C3-F9FB2EC79EEE" controlTypeID="Image" x="1041" y="692" w="45" h="45" zOrder="38">
      <caption>TXN+type</caption>
    </control>
    <control controlID="33B1A18B-B415-4592-988D-84EE061E9ACC" controlTypeID="Image" x="1041" y="758" w="45" h="45" zOrder="39">
      <caption>TXN+type</caption>
    </control>
    <control controlID="7338DBBC-32A2-4AAC-9260-0AEBE9799F2A" controlTypeID="Button" x="1726" y="510" w="186" h="42" zOrder="40">
      <links eventType="AtClick" animate="AmNone" animateAutoDelay="0" animateDuration="500">
        <link targetPageID="71F9F2AB-4A17-4391-8A2F-C067B9F1B519" linkType="ltPageLink" isApplyIncludePage="False" title="TXNs">
          <area shape="0" alt="" ID="{1013212F-7D2D-43B4-8C87-4CB2CFEFCCCA}" coords="(0,0,186,42)"/>
        </link>
      </links>
      <font family="Titillium+Web" displayName="Titillium+Web+Regular" postScript="" weightStyle="Regular" weight="400" isBold="False" isItalic="False"/>
      <text>View+More</text>
      <textSize>20</textSize>
      <lineSpacing>0</lineSpacing>
      <useDefaultTextSize>False</useDefaultTextSize>
      <selectedIndex>-1</selectedIndex>
      <radius>4</radius>
    </control>
    <control controlID="861DC6EE-11A9-4AF2-ADD0-BEB8039D0CBB" controlTypeID="Label" x="400" y="729" w="31" h="16" zOrder="41">
      <font family="Titillium+Web" displayName="Titillium+Web+Regular" postScript="" weightStyle="Regular" weight="400" isBold="False" isItalic="False"/>
      <text>Expand</text>
      <textSize>10</textSize>
      <lineSpacing>0</lineSpacing>
      <useDefaultTextSize>False</useDefaultTextSize>
      <selectedIndex>-1</selectedIndex>
    </control>
    <control controlID="C0F890BC-54A1-4F7C-9A9F-0988ECDC14E0" controlTypeID="Panel" x="0" y="1045" w="1980" h="311" zOrder="42">
      <caption>Info+Panel</caption>
      <color>3647366758</color>
      <borderVisible>False</borderVisible>
      <groupChildrenDescriptors>
        <control controlID="74776191-4FF3-41C7-B0EA-E81BDDA310E4" controlTypeID="Border" x="0" y="0" w="1980" h="311" zOrder="0">
          <borderVisible>False</borderVisible>
          <alias>borderLayer</alias>
        </control>
      </groupChildrenDescriptors>
      <thinkness>1</thinkness>
    </control>
    <control controlID="A3E52383-D6DB-4E7C-BBD3-E0FBB67FD467" controlTypeID="IconButton2" x="1684" y="1070" w="38" h="38" zOrder="43">
      <caption>IG</caption>
      <groupChildrenDescriptors>
        <control controlID="1083099B-7E30-4EE1-9109-00A347992FD0" controlTypeID="Shape" x="0" y="0" w="38" h="38" zOrder="0">
          <canMove>False</canMove>
          <alias>shape</alias>
          <font family="Titillium+Web" displayName="Titillium+Web+Regular" postScript="" weightStyle="Regular" weight="400" isBold="False" isItalic="False"/>
          <textSize>14</textSize>
          <selectedIndex>-1</selectedIndex>
          <shapeBorderType>SbEllipse</shapeBorderType>
        </control>
        <control controlID="AF4CC68C-B75A-4704-B6BE-63C893093789" controlTypeID="Icon" x="7" y="7" w="24" h="24" zOrder="1">
          <canMove>False</canMove>
          <alias>icon</alias>
          <icon>
            <ID/>
            <iconFontName>jdIonicons</iconFontName>
            <iconCode>62289</iconCode>
          </icon>
          <URL>1125624F26FF3DC2C6BBE373652F6D4E.svg</URL>
        </control>
        <control controlID="EAF02683-A850-4009-A10B-6F78868534A8" controlTypeID="Label" x="-1" y="-2" w="31" h="22" zOrder="2">
          <canMove>False</canMove>
          <alias>label</alias>
          <font family="Titillium+Web" displayName="Titillium+Web+Regular" postScript="" weightStyle="Regular" weight="400" isBold="False" isItalic="False"/>
          <text>Label</text>
          <textAlign>HaCenter</textAlign>
          <lineSpacing>0</lineSpacing>
          <selectedIndex>-1</selectedIndex>
        </control>
        <control controlID="FB0A8716-A9BA-44E3-AC1F-E8DB22162E3E" controlTypeID="Shape" x="24" y="0" w="14" h="13" zOrder="3">
          <color>4294901760</color>
          <borderVisible>False</borderVisible>
          <canMove>False</canMove>
          <alias>alarm</alias>
          <font family="Titillium+Web" displayName="Titillium+Web+Regular" postScript="" weightStyle="Regular" weight="400" isBold="False" isItalic="False"/>
          <text>2</text>
          <textColor>4294967295</textColor>
          <textSize>8</textSize>
          <selectedIndex>-1</selectedIndex>
          <radius>100</radius>
          <radiusIsPercent>True</radiusIsPercent>
        </control>
      </groupChildrenDescriptors>
    </control>
    <control controlID="0DAC626F-3837-4675-A336-ED06CBF2A1ED" controlTypeID="IconButton2" x="1732" y="1070" w="38" h="38" zOrder="44">
      <caption>TW</caption>
      <groupChildrenDescriptors>
        <control controlID="58D70B7D-3D89-4857-92E1-51B391AAE42D" controlTypeID="Shape" x="0" y="0" w="38" h="38" zOrder="0">
          <canMove>False</canMove>
          <alias>shape</alias>
          <font family="Titillium+Web" displayName="Titillium+Web+Regular" postScript="" weightStyle="Regular" weight="400" isBold="False" isItalic="False"/>
          <textSize>14</textSize>
          <selectedIndex>-1</selectedIndex>
          <shapeBorderType>SbEllipse</shapeBorderType>
        </control>
        <control controlID="E5E7F323-0F51-4886-A5CB-0CE3962C125B" controlTypeID="Icon" x="7" y="7" w="24" h="24" zOrder="1">
          <canMove>False</canMove>
          <alias>icon</alias>
          <icon>
            <ID/>
            <iconFontName>jdIonicons</iconFontName>
            <iconCode>62018</iconCode>
          </icon>
          <URL>F1FBFA57C1F0D615C8F4EC42B281654D.svg</URL>
        </control>
        <control controlID="BB19124F-4DC1-4DF9-92C2-579D11E97661" controlTypeID="Label" x="-1" y="-2" w="31" h="22" zOrder="2">
          <canMove>False</canMove>
          <alias>label</alias>
          <font family="Titillium+Web" displayName="Titillium+Web+Regular" postScript="" weightStyle="Regular" weight="400" isBold="False" isItalic="False"/>
          <text>Label</text>
          <textAlign>HaCenter</textAlign>
          <lineSpacing>0</lineSpacing>
          <selectedIndex>-1</selectedIndex>
        </control>
        <control controlID="C5AD60FE-2513-4A52-8FA6-0E70AE7CF37C" controlTypeID="Shape" x="24" y="0" w="14" h="13" zOrder="3">
          <color>4294901760</color>
          <borderVisible>False</borderVisible>
          <canMove>False</canMove>
          <alias>alarm</alias>
          <font family="Titillium+Web" displayName="Titillium+Web+Regular" postScript="" weightStyle="Regular" weight="400" isBold="False" isItalic="False"/>
          <text>2</text>
          <textColor>4294967295</textColor>
          <textSize>8</textSize>
          <selectedIndex>-1</selectedIndex>
          <radius>100</radius>
          <radiusIsPercent>True</radiusIsPercent>
        </control>
      </groupChildrenDescriptors>
    </control>
    <control controlID="5B81F784-40C9-408E-B426-FCF982F68615" controlTypeID="IconButton2" x="1778" y="1070" w="38" h="38" zOrder="45">
      <caption>FB</caption>
      <groupChildrenDescriptors>
        <control controlID="C9D8C280-6885-4EE1-B985-D7C09C920156" controlTypeID="Shape" x="0" y="0" w="38" h="38" zOrder="0">
          <canMove>False</canMove>
          <alias>shape</alias>
          <font family="Titillium+Web" displayName="Titillium+Web+Regular" postScript="" weightStyle="Regular" weight="400" isBold="False" isItalic="False"/>
          <textSize>14</textSize>
          <selectedIndex>-1</selectedIndex>
          <shapeBorderType>SbEllipse</shapeBorderType>
        </control>
        <control controlID="5E338168-37F0-4A38-8B6D-48C43C50F461" controlTypeID="Icon" x="7" y="7" w="24" h="24" zOrder="1">
          <canMove>False</canMove>
          <alias>icon</alias>
          <icon>
            <ID/>
            <iconFontName>jdIonicons</iconFontName>
            <iconCode>62001</iconCode>
          </icon>
          <URL>29F37D064345EFF092FDE43A909201C4.svg</URL>
        </control>
        <control controlID="176F283B-A01F-44D1-BBF1-DCD6E415C788" controlTypeID="Label" x="-1" y="-2" w="31" h="22" zOrder="2">
          <canMove>False</canMove>
          <alias>label</alias>
          <font family="Titillium+Web" displayName="Titillium+Web+Regular" postScript="" weightStyle="Regular" weight="400" isBold="False" isItalic="False"/>
          <text>Label</text>
          <textAlign>HaCenter</textAlign>
          <lineSpacing>0</lineSpacing>
          <selectedIndex>-1</selectedIndex>
        </control>
        <control controlID="006A14A2-B0CB-4FAE-B10A-FC98ADB3958F" controlTypeID="Shape" x="24" y="0" w="14" h="13" zOrder="3">
          <color>4294901760</color>
          <borderVisible>False</borderVisible>
          <canMove>False</canMove>
          <alias>alarm</alias>
          <font family="Titillium+Web" displayName="Titillium+Web+Regular" postScript="" weightStyle="Regular" weight="400" isBold="False" isItalic="False"/>
          <text>2</text>
          <textColor>4294967295</textColor>
          <textSize>8</textSize>
          <selectedIndex>-1</selectedIndex>
          <radius>100</radius>
          <radiusIsPercent>True</radiusIsPercent>
        </control>
      </groupChildrenDescriptors>
    </control>
    <control controlID="E19087EC-7A20-48A6-BA8B-A7566664DF9C" controlTypeID="IconButton2" x="1826" y="1070" w="38" h="38" zOrder="46">
      <caption>In</caption>
      <groupChildrenDescriptors>
        <control controlID="44A0AFE3-5837-4A93-AD9C-E33892B7F148" controlTypeID="Shape" x="0" y="0" w="38" h="38" zOrder="0">
          <canMove>False</canMove>
          <alias>shape</alias>
          <font family="Titillium+Web" displayName="Titillium+Web+Regular" postScript="" weightStyle="Regular" weight="400" isBold="False" isItalic="False"/>
          <textSize>14</textSize>
          <selectedIndex>-1</selectedIndex>
          <shapeBorderType>SbEllipse</shapeBorderType>
        </control>
        <control controlID="8048F3A4-82CA-44F1-B747-040546D8059B" controlTypeID="Icon" x="7" y="7" w="24" h="24" zOrder="1">
          <canMove>False</canMove>
          <alias>icon</alias>
          <icon>
            <ID/>
            <iconFontName>jdFontAwesome</iconFontName>
            <iconCode>61665</iconCode>
          </icon>
          <URL>74B6E108F958848EA2B2DD7D6EC8692F.svg</URL>
        </control>
        <control controlID="6B4F6E30-686B-47E4-83A9-D69840229B80" controlTypeID="Label" x="-1" y="-2" w="31" h="22" zOrder="2">
          <canMove>False</canMove>
          <alias>label</alias>
          <font family="Titillium+Web" displayName="Titillium+Web+Regular" postScript="" weightStyle="Regular" weight="400" isBold="False" isItalic="False"/>
          <text>Label</text>
          <textAlign>HaCenter</textAlign>
          <lineSpacing>0</lineSpacing>
          <selectedIndex>-1</selectedIndex>
        </control>
        <control controlID="596ED311-E07F-4015-BBC2-99EA4B1C9177" controlTypeID="Shape" x="24" y="0" w="14" h="13" zOrder="3">
          <color>4294901760</color>
          <borderVisible>False</borderVisible>
          <canMove>False</canMove>
          <alias>alarm</alias>
          <font family="Titillium+Web" displayName="Titillium+Web+Regular" postScript="" weightStyle="Regular" weight="400" isBold="False" isItalic="False"/>
          <text>2</text>
          <textColor>4294967295</textColor>
          <textSize>8</textSize>
          <selectedIndex>-1</selectedIndex>
          <radius>100</radius>
          <radiusIsPercent>True</radiusIsPercent>
        </control>
      </groupChildrenDescriptors>
    </control>
    <control controlID="B7567076-7F67-415E-A9D7-0E8227854EC6" controlTypeID="IconButton2" x="1874" y="1070" w="38" h="38" zOrder="47">
      <caption>YT</caption>
      <groupChildrenDescriptors>
        <control controlID="CC0B8823-63F6-4BEE-9E64-A5C527749D7E" controlTypeID="Shape" x="0" y="0" w="38" h="38" zOrder="0">
          <canMove>False</canMove>
          <alias>shape</alias>
          <font family="Titillium+Web" displayName="Titillium+Web+Regular" postScript="" weightStyle="Regular" weight="400" isBold="False" isItalic="False"/>
          <textSize>14</textSize>
          <selectedIndex>-1</selectedIndex>
          <shapeBorderType>SbEllipse</shapeBorderType>
        </control>
        <control controlID="6A383E91-9F0F-41EA-B382-93C4B46C7957" controlTypeID="Icon" x="7" y="7" w="24" h="24" zOrder="1">
          <canMove>False</canMove>
          <alias>icon</alias>
          <icon>
            <ID/>
            <iconFontName>jdIonicons</iconFontName>
            <iconCode>62028</iconCode>
          </icon>
          <URL>FE1032043403F880231675C8126B6ED2.svg</URL>
        </control>
        <control controlID="CB086491-3664-4867-98A3-49A0A90EB0A3" controlTypeID="Label" x="-1" y="-2" w="31" h="22" zOrder="2">
          <canMove>False</canMove>
          <alias>label</alias>
          <font family="Titillium+Web" displayName="Titillium+Web+Regular" postScript="" weightStyle="Regular" weight="400" isBold="False" isItalic="False"/>
          <text>Label</text>
          <textAlign>HaCenter</textAlign>
          <lineSpacing>0</lineSpacing>
          <selectedIndex>-1</selectedIndex>
        </control>
        <control controlID="30F41306-0A1B-4ACE-ADF7-9710E5207E70" controlTypeID="Shape" x="24" y="0" w="14" h="13" zOrder="3">
          <color>4294901760</color>
          <borderVisible>False</borderVisible>
          <canMove>False</canMove>
          <alias>alarm</alias>
          <font family="Titillium+Web" displayName="Titillium+Web+Regular" postScript="" weightStyle="Regular" weight="400" isBold="False" isItalic="False"/>
          <text>2</text>
          <textColor>4294967295</textColor>
          <textSize>8</textSize>
          <selectedIndex>-1</selectedIndex>
          <radius>100</radius>
          <radiusIsPercent>True</radiusIsPercent>
        </control>
      </groupChildrenDescriptors>
    </control>
    <control controlID="71AA0A1E-53FD-4A7E-BACD-87E724B96031" controlTypeID="Panel" x="0" y="1356" w="1980" h="94" zOrder="48">
      <caption>Footer</caption>
      <color>1248224870</color>
      <borderColor>4281571839</borderColor>
      <borderVisible>False</borderVisible>
      <groupChildrenDescriptors>
        <control controlID="2E6AD9A5-CCF3-4D9C-8B7A-DFF91D0D6820" controlTypeID="Border" x="0" y="0" w="1980" h="94" zOrder="0">
          <borderColor>4281571839</borderColor>
          <borderVisible>False</borderVisible>
          <alias>borderLayer</alias>
        </control>
      </groupChildrenDescriptors>
      <thinkness>1</thinkness>
    </control>
    <control controlID="6FC4A9FD-76D3-4500-8044-1A23548E3C72" controlTypeID="Icon" x="33" y="1396" w="13" h="13" zOrder="49">
      <caption>Copyright+Icon</caption>
      <color>4278190080</color>
      <icon>
        <ID/>
        <iconFontName>jdFontAwesome</iconFontName>
        <iconCode>61945</iconCode>
      </icon>
      <URL>A71E98588E066F88C73CF2B4E3CFBB82.svg</URL>
    </control>
    <control controlID="73672C83-CDC1-4791-989A-15E89153D593" controlTypeID="Label" x="46" y="1391" w="99" h="22" zOrder="50">
      <caption>Copyright+Label</caption>
      <color>16777215</color>
      <font family="Titillium+Web" displayName="Titillium+Web+Regular" postScript="" weightStyle="Regular" weight="400" isBold="False" isItalic="False"/>
      <text>2021+Merit+Bank</text>
      <lineSpacing>0</lineSpacing>
      <selectedIndex>-1</selectedIndex>
    </control>
    <control controlID="B4CE0A00-D7FC-4913-A73C-B887C0ABAF0E" controlTypeID="Label" x="30" y="1123" w="114" h="37" zOrder="51">
      <font family="Titillium+Web" displayName="Titillium+Web_%26_Bold" postScript="" weightStyle="Bold" weight="700" isBold="True" isItalic="False"/>
      <text>PRODUCTS</text>
      <textColor>4294967295</textColor>
      <textSize>24</textSize>
      <lineSpacing>0</lineSpacing>
      <textStyles>[fsBold]</textStyles>
      <useDefaultTextSize>False</useDefaultTextSize>
      <selectedIndex>-1</selectedIndex>
    </control>
    <control controlID="49F84615-6F59-41E4-9618-32CDB5067BE0" controlTypeID="Label" x="317" y="1122" w="181" h="37" zOrder="52">
      <font family="Titillium+Web" displayName="Titillium+Web_%26_Bold" postScript="" weightStyle="Bold" weight="700" isBold="True" isItalic="False"/>
      <text>GET+TO+KNOW+US</text>
      <textColor>4294967295</textColor>
      <textSize>24</textSize>
      <lineSpacing>0</lineSpacing>
      <textStyles>[fsBold]</textStyles>
      <useDefaultTextSize>False</useDefaultTextSize>
      <selectedIndex>-1</selectedIndex>
    </control>
    <control controlID="B4447581-7462-466C-A76C-1B7791596498" controlTypeID="Label" x="630" y="1122" w="46" h="37" zOrder="53">
      <font family="Titillium+Web" displayName="Titillium+Web_%26_Bold" postScript="" weightStyle="Bold" weight="700" isBold="True" isItalic="False"/>
      <text>ATM</text>
      <textColor>4294967295</textColor>
      <textSize>24</textSize>
      <lineSpacing>0</lineSpacing>
      <textStyles>[fsBold]</textStyles>
      <useDefaultTextSize>False</useDefaultTextSize>
      <selectedIndex>-1</selectedIndex>
    </control>
    <control controlID="771B33C8-CD62-4B80-88C7-988DA2C3E36B" controlTypeID="Label" x="818" y="1122" w="65" h="37" zOrder="54">
      <font family="Titillium+Web" displayName="Titillium+Web_%26_Bold" postScript="" weightStyle="Bold" weight="700" isBold="True" isItalic="False"/>
      <text>LEGAL</text>
      <textColor>4294967295</textColor>
      <textSize>24</textSize>
      <lineSpacing>0</lineSpacing>
      <textStyles>[fsBold]</textStyles>
      <useDefaultTextSize>False</useDefaultTextSize>
      <selectedIndex>-1</selectedIndex>
    </control>
    <control controlID="FA51C35C-AC6D-4D8C-87F3-09AA805A949D" controlTypeID="Label" x="1024" y="1123" w="100" h="37" zOrder="55">
      <font family="Titillium+Web" displayName="Titillium+Web_%26_Bold" postScript="" weightStyle="Bold" weight="700" isBold="True" isItalic="False"/>
      <text>SUPPORT</text>
      <textColor>4294967295</textColor>
      <textSize>24</textSize>
      <lineSpacing>0</lineSpacing>
      <textStyles>[fsBold]</textStyles>
      <useDefaultTextSize>False</useDefaultTextSize>
      <selectedIndex>-1</selectedIndex>
    </control>
    <control controlID="1CEFFF01-056D-4EBA-B813-E6D5CBE9A690" controlTypeID="Image" x="20" y="1058" w="75" h="80" zOrder="56">
      <URL>96723FFC2048BE38DB53951FBF5220C8.png</URL>
    </control>
    <control controlID="20E9C7DE-58E8-43D7-9836-F7465B286908" controlTypeID="Link" x="30" y="1170" w="141" h="25" zOrder="57">
      <font family="Titillium+Web" displayName="Titillium+Web+Regular" postScript="" weightStyle="Regular" weight="400" isBold="False" isItalic="False"/>
      <text>Certificate+of+Deposit</text>
      <textColor>4294967295</textColor>
      <textSize>16</textSize>
      <lineSpacing>0</lineSpacing>
      <textStyles>[]</textStyles>
      <useDefaultTextSize>False</useDefaultTextSize>
      <selectedIndex>-1</selectedIndex>
    </control>
    <control controlID="45283E64-6F36-4239-B5AF-639A7E13D2E0" controlTypeID="Link" x="30" y="1195" w="88" h="25" zOrder="58">
      <font family="Titillium+Web" displayName="Titillium+Web+Regular" postScript="" weightStyle="Regular" weight="400" isBold="False" isItalic="False"/>
      <text>IRA+Accounts</text>
      <textColor>4294967295</textColor>
      <textSize>16</textSize>
      <lineSpacing>0</lineSpacing>
      <textStyles>[]</textStyles>
      <useDefaultTextSize>False</useDefaultTextSize>
      <selectedIndex>-1</selectedIndex>
    </control>
    <control controlID="BF4D5F2F-8737-4D9F-96BD-819C37245A3E" controlTypeID="Link" x="317" y="1170" w="62" h="25" zOrder="59">
      <font family="Titillium+Web" displayName="Titillium+Web+Regular" postScript="" weightStyle="Regular" weight="400" isBold="False" isItalic="False"/>
      <text>About+Us</text>
      <textColor>4294967295</textColor>
      <textSize>16</textSize>
      <lineSpacing>0</lineSpacing>
      <textStyles>[]</textStyles>
      <useDefaultTextSize>False</useDefaultTextSize>
      <selectedIndex>-1</selectedIndex>
    </control>
    <control controlID="7335D304-A83A-4C87-8F52-B04AB1245673" controlTypeID="Link" x="630" y="1170" w="99" h="25" zOrder="60">
      <font family="Titillium+Web" displayName="Titillium+Web+Regular" postScript="" weightStyle="Regular" weight="400" isBold="False" isItalic="False"/>
      <text>ATM+Locations</text>
      <textColor>4294967295</textColor>
      <textSize>16</textSize>
      <lineSpacing>0</lineSpacing>
      <textStyles>[]</textStyles>
      <useDefaultTextSize>False</useDefaultTextSize>
      <selectedIndex>-1</selectedIndex>
    </control>
    <control controlID="98DBCAE7-4009-4FEA-8CA0-88F5EC0D2F00" controlTypeID="Link" x="818" y="1170" w="49" h="25" zOrder="61">
      <font family="Titillium+Web" displayName="Titillium+Web+Regular" postScript="" weightStyle="Regular" weight="400" isBold="False" isItalic="False"/>
      <text>Privacy</text>
      <textColor>4294967295</textColor>
      <textSize>16</textSize>
      <lineSpacing>0</lineSpacing>
      <textStyles>[]</textStyles>
      <useDefaultTextSize>False</useDefaultTextSize>
      <selectedIndex>-1</selectedIndex>
    </control>
    <control controlID="219FCAB7-070A-4C68-965C-8FC484E95CC5" controlTypeID="Link" x="1024" y="1170" w="73" h="25" zOrder="62">
      <font family="Titillium+Web" displayName="Titillium+Web+Regular" postScript="" weightStyle="Regular" weight="400" isBold="False" isItalic="False"/>
      <text>Contact+Us</text>
      <textColor>4294967295</textColor>
      <textSize>16</textSize>
      <lineSpacing>0</lineSpacing>
      <textStyles>[]</textStyles>
      <useDefaultTextSize>False</useDefaultTextSize>
      <selectedIndex>-1</selectedIndex>
    </control>
    <control controlID="7278ABE5-370B-4369-A202-5FCEFA668040" controlTypeID="Image" x="1768" y="1374" w="75" h="55" zOrder="63">
      <URL>B8427336EE8A9EA8D89AF315F9BDD076.png</URL>
    </control>
  </controls>
  <param>
    <backgroundColor>4294967295</backgroundColor>
    <fontSize>14</fontSize>
    <fontFamily>Titillium+Web</fontFamily>
    <guideLines/>
  </param>
</mockup>