﻿<project version="2.9" name="Wireframe" ID="7BEA6DC2-0DAD-4674-9D9C-EC06F5462665">
  <params>
    <pageParam version="5.3" minAllowVersion="5.3"/>
    <projectParam version="2.9" minAllowVersion="2.9" platform="MtWeb" pageSize="(1980,1900)" backgroundColor="4294967295" fontSize="14" fontFamily="Titillium Web" projectType="ptPersonalProject" isShowTitleIndex="False"/>
    <previewParam version="1.0"/>
    <colorParam version="1.0"/>
  </params>
  <pages>
    <page name="Home" ID="D2DDBCA1-0CB9-427B-8636-8F6020961B82" expanded="True" code="WY66nFFe6c" thumbCode="WY66nFFe6c" status="psWhite" isfolder="False" isshownode="True">
      <images>
        <image key="6420A7D9EEE96BBF5CAB6266A1E591F5.svg"/>
        <image key="96723FFC2048BE38DB53951FBF5220C8.png"/>
        <image key="B8427336EE8A9EA8D89AF315F9BDD076.png"/>
        <image key="A71E98588E066F88C73CF2B4E3CFBB82.svg"/>
        <image key="F1FBFA57C1F0D615C8F4EC42B281654D.svg"/>
        <image key="467605F5F90D9FF65132C1A6EF883F26.svg"/>
        <image key="29F37D064345EFF092FDE43A909201C4.svg"/>
        <image key="74B6E108F958848EA2B2DD7D6EC8692F.svg"/>
        <image key="786FCE6C0F81FF13A1ED1534018F7459.jpeg"/>
        <image key="1125624F26FF3DC2C6BBE373652F6D4E.svg"/>
        <image key="FE1032043403F880231675C8126B6ED2.svg"/>
      </images>
    </page>
    <page name="Accounts" ID="F13FBF6C-CF18-42B4-80F0-BF9E6CA4C5A8" expanded="True" code="d4SLWVjJ2O" thumbCode="jMZWeIvhzh" isLastOpen="True" status="psWhite" isfolder="False" isshownode="True">
      <images>
        <image key="6420A7D9EEE96BBF5CAB6266A1E591F5.svg"/>
        <image key="96723FFC2048BE38DB53951FBF5220C8.png"/>
        <image key="B8427336EE8A9EA8D89AF315F9BDD076.png"/>
        <image key="F1FBFA57C1F0D615C8F4EC42B281654D.svg"/>
        <image key="A71E98588E066F88C73CF2B4E3CFBB82.svg"/>
        <image key="467605F5F90D9FF65132C1A6EF883F26.svg"/>
        <image key="29F37D064345EFF092FDE43A909201C4.svg"/>
        <image key="74B6E108F958848EA2B2DD7D6EC8692F.svg"/>
        <image key="786FCE6C0F81FF13A1ED1534018F7459.jpeg"/>
        <image key="1125624F26FF3DC2C6BBE373652F6D4E.svg"/>
        <image key="FE1032043403F880231675C8126B6ED2.svg"/>
      </images>
    </page>
    <page name="IRA Accounts" ID="A97533B4-FA0D-4285-93C0-D8034FBBC965" expanded="True" code="vsfHxsgN3t" thumbCode="vsfHxsgN3t" status="psWhite" isfolder="False" isshownode="True">
      <images>
        <image key="96723FFC2048BE38DB53951FBF5220C8.png"/>
        <image key="6420A7D9EEE96BBF5CAB6266A1E591F5.svg"/>
        <image key="B8427336EE8A9EA8D89AF315F9BDD076.png"/>
        <image key="F1FBFA57C1F0D615C8F4EC42B281654D.svg"/>
        <image key="0F87C7EA51A0A63DCD670E0DC83BF8BC.svg"/>
        <image key="A71E98588E066F88C73CF2B4E3CFBB82.svg"/>
        <image key="467605F5F90D9FF65132C1A6EF883F26.svg"/>
        <image key="74B6E108F958848EA2B2DD7D6EC8692F.svg"/>
        <image key="29F37D064345EFF092FDE43A909201C4.svg"/>
        <image key="786FCE6C0F81FF13A1ED1534018F7459.jpeg"/>
        <image key="1125624F26FF3DC2C6BBE373652F6D4E.svg"/>
        <image key="FE1032043403F880231675C8126B6ED2.svg"/>
      </images>
    </page>
    <page name="TXNs" ID="71F9F2AB-4A17-4391-8A2F-C067B9F1B519" expanded="True" code="UQPXVHEwO2" thumbCode="UQPXVHEwO2" status="psWhite" isfolder="False" isshownode="True">
      <images>
        <image key="6420A7D9EEE96BBF5CAB6266A1E591F5.svg"/>
        <image key="96723FFC2048BE38DB53951FBF5220C8.png"/>
        <image key="B8427336EE8A9EA8D89AF315F9BDD076.png"/>
        <image key="F1FBFA57C1F0D615C8F4EC42B281654D.svg"/>
        <image key="A71E98588E066F88C73CF2B4E3CFBB82.svg"/>
        <image key="467605F5F90D9FF65132C1A6EF883F26.svg"/>
        <image key="29F37D064345EFF092FDE43A909201C4.svg"/>
        <image key="74B6E108F958848EA2B2DD7D6EC8692F.svg"/>
        <image key="786FCE6C0F81FF13A1ED1534018F7459.jpeg"/>
        <image key="1125624F26FF3DC2C6BBE373652F6D4E.svg"/>
        <image key="FE1032043403F880231675C8126B6ED2.svg"/>
      </images>
    </page>
    <page name="IRA Info" ID="61150120-D02D-4CBA-A86E-8C6F8F939C9F" expanded="True" code="gRhp24ZHWz" thumbCode="gRhp24ZHWz" status="psWhite" isfolder="False" isshownode="True">
      <images>
        <image key="6420A7D9EEE96BBF5CAB6266A1E591F5.svg"/>
        <image key="96723FFC2048BE38DB53951FBF5220C8.png"/>
        <image key="B8427336EE8A9EA8D89AF315F9BDD076.png"/>
        <image key="F1FBFA57C1F0D615C8F4EC42B281654D.svg"/>
        <image key="A71E98588E066F88C73CF2B4E3CFBB82.svg"/>
        <image key="467605F5F90D9FF65132C1A6EF883F26.svg"/>
        <image key="29F37D064345EFF092FDE43A909201C4.svg"/>
        <image key="74B6E108F958848EA2B2DD7D6EC8692F.svg"/>
        <image key="786FCE6C0F81FF13A1ED1534018F7459.jpeg"/>
        <image key="1125624F26FF3DC2C6BBE373652F6D4E.svg"/>
        <image key="FE1032043403F880231675C8126B6ED2.svg"/>
      </images>
    </page>
    <page name="About Us" ID="FC43F737-24FF-4264-B96A-0696023DBAA0" expanded="True" code="cv3vb5qPeJ" thumbCode="cv3vb5qPeJ" status="psWhite" isfolder="False" isshownode="True">
      <images>
        <image key="6420A7D9EEE96BBF5CAB6266A1E591F5.svg"/>
        <image key="96723FFC2048BE38DB53951FBF5220C8.png"/>
        <image key="B8427336EE8A9EA8D89AF315F9BDD076.png"/>
        <image key="F1FBFA57C1F0D615C8F4EC42B281654D.svg"/>
        <image key="A71E98588E066F88C73CF2B4E3CFBB82.svg"/>
        <image key="467605F5F90D9FF65132C1A6EF883F26.svg"/>
        <image key="29F37D064345EFF092FDE43A909201C4.svg"/>
        <image key="74B6E108F958848EA2B2DD7D6EC8692F.svg"/>
        <image key="786FCE6C0F81FF13A1ED1534018F7459.jpeg"/>
        <image key="1125624F26FF3DC2C6BBE373652F6D4E.svg"/>
        <image key="FE1032043403F880231675C8126B6ED2.svg"/>
      </images>
    </page>
  </pages>
  <trash>
    <page name="Investing" ID="F5CEC8FB-7F0C-4A3A-8CDA-7AD0C7240BAB" expanded="True" code="kWI8qgMBUc" thumbCode="" isLastOpen="True" status="psWhite" isfolder="False" isshownode="True"/>
    <page name="Register Pop Up" ID="12307352-0B89-4034-994E-98FB01295276" expanded="False" code="fstJDMFRss" thumbCode="" isLastOpen="True" status="psWhite" isfolder="False" isshownode="True"/>
    <page name="Register Page" ID="C182FD53-D619-4C26-91EA-5D45681D83BA" expanded="True" code="JOlictTv2X" thumbCode="lnjK9V9JSM" isLastOpen="True" status="psWhite" isfolder="False" isshownode="True">
      <images>
        <image key="96723FFC2048BE38DB53951FBF5220C8.png"/>
      </images>
    </page>
  </trash>
  <deletes/>
  <masters/>
  <images>
    <image key="B8427336EE8A9EA8D89AF315F9BDD076.png"/>
    <image key="A71E98588E066F88C73CF2B4E3CFBB82.svg"/>
    <image key="74B6E108F958848EA2B2DD7D6EC8692F.svg"/>
    <image key="6420A7D9EEE96BBF5CAB6266A1E591F5.svg"/>
    <image key="96723FFC2048BE38DB53951FBF5220C8.png"/>
    <image key="F1FBFA57C1F0D615C8F4EC42B281654D.svg"/>
    <image key="0F87C7EA51A0A63DCD670E0DC83BF8BC.svg"/>
    <image key="467605F5F90D9FF65132C1A6EF883F26.svg"/>
    <image key="29F37D064345EFF092FDE43A909201C4.svg"/>
    <image key="786FCE6C0F81FF13A1ED1534018F7459.jpeg"/>
    <image key="1125624F26FF3DC2C6BBE373652F6D4E.svg"/>
    <image key="FE1032043403F880231675C8126B6ED2.svg"/>
  </images>
</project>